codec,generator,label,language,license,path,source_id,speaker_id,split,condition,condition_detail
clean,bonafide,0,en,ASVspoof-corpus-terms,/media/storage/moonlab/strive-data/degraded/clean/LA_E_6956221.wav,LA_E_6956221,LA_0031,test,clean,unmodified
opus_16k,bonafide,0,en,ASVspoof-corpus-terms,/media/storage/moonlab/strive-data/degraded/opus_16k/LA_E_6956221.wav,LA_E_6956221,LA_0031,test,opus_16k,opus@16k
opus_32k,bonafide,0,en,ASVspoof-corpus-terms,/media/storage/moonlab/strive-data/degraded/opus_32k/LA_E_6956221.wav,LA_E_6956221,LA_0031,test,opus_32k,opus@32k
g711_ulaw,bonafide,0,en,ASVspoof-corpus-terms,/media/storage/moonlab/strive-data/degraded/g711_ulaw/LA_E_6956221.wav,LA_E_6956221,LA_0031,test,g711_ulaw,g711_ulaw
narrowband_8k,bonafide,0,en,ASVspoof-corpus-terms,/media/storage/moonlab/strive-data/degraded/narrowband_8k/LA_E_6956221.wav,LA_E_6956221,LA_0031,test,narrowband_8k,narrowband
noise_10db,bonafide,0,en,ASVspoof-corpus-terms,/media/storage/moonlab/strive-data/degraded/noise_10db/LA_E_6956221.wav,LA_E_6956221,LA_0031,test,noise_10db,noise 10 dB SNR
clean,bonafide,0,en,ASVspoof-corpus-terms,/media/storage/moonlab/strive-data/degraded/clean/LA_E_4364195.wav,LA_E_4364195,LA_0064,test,clean,unmodified
opus_16k,bonafide,0,en,ASVspoof-corpus-terms,/media/storage/moonlab/strive-data/degraded/opus_16k/LA_E_4364195.wav,LA_E_4364195,LA_0064,test,opus_16k,opus@16k
opus_32k,bonafide,0,en,ASVspoof-corpus-terms,/media/storage/moonlab/strive-data/degraded/opus_32k/LA_E_4364195.wav,LA_E_4364195,LA_0064,test,opus_32k,opus@32k
g711_ulaw,bonafide,0,en,ASVspoof-corpus-terms,/media/storage/moonlab/strive-data/degraded/g711_ulaw/LA_E_4364195.wav,LA_E_4364195,LA_0064,test,g711_ulaw,g711_ulaw
narrowband_8k,bonafide,0,en,ASVspoof-corpus-terms,/media/storage/moonlab/strive-data/degraded/narrowband_8k/LA_E_4364195.wav,LA_E_4364195,LA_0064,test,narrowband_8k,narrowband
noise_10db,bonafide,0,en,ASVspoof-corpus-terms,/media/storage/moonlab/strive-data/degraded/noise_10db/LA_E_4364195.wav,LA_E_4364195,LA_0064,test,noise_10db,noise 10 dB SNR
clean,bonafide,0,en,ASVspoof-corpus-terms,/media/storage/moonlab/strive-data/degraded/clean/LA_E_4635024.wav,LA_E_4635024,LA_0014,test,clean,unmodified
opus_16k,bonafide,0,en,ASVspoof-corpus-terms,/media/storage/moonlab/strive-data/degraded/opus_16k/LA_E_4635024.wav,LA_E_4635024,LA_0014,test,opus_16k,opus@16k
opus_32k,bonafide,0,en,ASVspoof-corpus-terms,/media/storage/moonlab/strive-data/degraded/opus_32k/LA_E_4635024.wav,LA_E_4635024,LA_0014,test,opus_32k,opus@32k
g711_ulaw,bonafide,0,en,ASVspoof-corpus-terms,/media/storage/moonlab/strive-data/degraded/g711_ulaw/LA_E_4635024.wav,LA_E_4635024,LA_0014,test,g711_ulaw,g711_ulaw
narrowband_8k,bonafide,0,en,ASVspoof-corpus-terms,/media/storage/moonlab/strive-data/degraded/narrowband_8k/LA_E_4635024.wav,LA_E_4635024,LA_0014,test,narrowband_8k,narrowband
noise_10db,bonafide,0,en,ASVspoof-corpus-terms,/media/storage/moonlab/strive-data/degraded/noise_10db/LA_E_4635024.wav,LA_E_4635024,LA_0014,test,noise_10db,noise 10 dB SNR
clean,bonafide,0,en,ASVspoof-corpus-terms,/media/storage/moonlab/strive-data/degraded/clean/LA_E_4977950.wav,LA_E_4977950,LA_0007,test,clean,unmodified
opus_16k,bonafide,0,en,ASVspoof-corpus-terms,/media/storage/moonlab/strive-data/degraded/opus_16k/LA_E_4977950.wav,LA_E_4977950,LA_0007,test,opus_16k,opus@16k
opus_32k,bonafide,0,en,ASVspoof-corpus-terms,/media/storage/moonlab/strive-data/degraded/opus_32k/LA_E_4977950.wav,LA_E_4977950,LA_0007,test,opus_32k,opus@32k
g711_ulaw,bonafide,0,en,ASVspoof-corpus-terms,/media/storage/moonlab/strive-data/degraded/g711_ulaw/LA_E_4977950.wav,LA_E_4977950,LA_0007,test,g711_ulaw,g711_ulaw
narrowband_8k,bonafide,0,en,ASVspoof-corpus-terms,/media/storage/moonlab/strive-data/degraded/narrowband_8k/LA_E_4977950.wav,LA_E_4977950,LA_0007,test,narrowband_8k,narrowband
noise_10db,bonafide,0,en,ASVspoof-corpus-terms,/media/storage/moonlab/strive-data/degraded/noise_10db/LA_E_4977950.wav,LA_E_4977950,LA_0007,test,noise_10db,noise 10 dB SNR
clean,bonafide,0,en,ASVspoof-corpus-terms,/media/storage/moonlab/strive-data/degraded/clean/LA_E_7492191.wav,LA_E_7492191,LA_0016,test,clean,unmodified
opus_16k,bonafide,0,en,ASVspoof-corpus-terms,/media/storage/moonlab/strive-data/degraded/opus_16k/LA_E_7492191.wav,LA_E_7492191,LA_0016,test,opus_16k,opus@16k
opus_32k,bonafide,0,en,ASVspoof-corpus-terms,/media/storage/moonlab/strive-data/degraded/opus_32k/LA_E_7492191.wav,LA_E_7492191,LA_0016,test,opus_32k,opus@32k
g711_ulaw,bonafide,0,en,ASVspoof-corpus-terms,/media/storage/moonlab/strive-data/degraded/g711_ulaw/LA_E_7492191.wav,LA_E_7492191,LA_0016,test,g711_ulaw,g711_ulaw
narrowband_8k,bonafide,0,en,ASVspoof-corpus-terms,/media/storage/moonlab/strive-data/degraded/narrowband_8k/LA_E_7492191.wav,LA_E_7492191,LA_0016,test,narrowband_8k,narrowband
noise_10db,bonafide,0,en,ASVspoof-corpus-terms,/media/storage/moonlab/strive-data/degraded/noise_10db/LA_E_7492191.wav,LA_E_7492191,LA_0016,test,noise_10db,noise 10 dB SNR
clean,bonafide,0,en,ASVspoof-corpus-terms,/media/storage/moonlab/strive-data/degraded/clean/LA_E_2898438.wav,LA_E_2898438,LA_0047,test,clean,unmodified
opus_16k,bonafide,0,en,ASVspoof-corpus-terms,/media/storage/moonlab/strive-data/degraded/opus_16k/LA_E_2898438.wav,LA_E_2898438,LA_0047,test,opus_16k,opus@16k
opus_32k,bonafide,0,en,ASVspoof-corpus-terms,/media/storage/moonlab/strive-data/degraded/opus_32k/LA_E_2898438.wav,LA_E_2898438,LA_0047,test,opus_32k,opus@32k
g711_ulaw,bonafide,0,en,ASVspoof-corpus-terms,/media/storage/moonlab/strive-data/degraded/g711_ulaw/LA_E_2898438.wav,LA_E_2898438,LA_0047,test,g711_ulaw,g711_ulaw
narrowband_8k,bonafide,0,en,ASVspoof-corpus-terms,/media/storage/moonlab/strive-data/degraded/narrowband_8k/LA_E_2898438.wav,LA_E_2898438,LA_0047,test,narrowband_8k,narrowband
noise_10db,bonafide,0,en,ASVspoof-corpus-terms,/media/storage/moonlab/strive-data/degraded/noise_10db/LA_E_2898438.wav,LA_E_2898438,LA_0047,test,noise_10db,noise 10 dB SNR
clean,bonafide,0,en,ASVspoof-corpus-terms,/media/storage/moonlab/strive-data/degraded/clean/LA_E_1629971.wav,LA_E_1629971,LA_0045,test,clean,unmodified
opus_16k,bonafide,0,en,ASVspoof-corpus-terms,/media/storage/moonlab/strive-data/degraded/opus_16k/LA_E_1629971.wav,LA_E_1629971,LA_0045,test,opus_16k,opus@16k
opus_32k,bonafide,0,en,ASVspoof-corpus-terms,/media/storage/moonlab/strive-data/degraded/opus_32k/LA_E_1629971.wav,LA_E_1629971,LA_0045,test,opus_32k,opus@32k
g711_ulaw,bonafide,0,en,ASVspoof-corpus-terms,/media/storage/moonlab/strive-data/degraded/g711_ulaw/LA_E_1629971.wav,LA_E_1629971,LA_0045,test,g711_ulaw,g711_ulaw
narrowband_8k,bonafide,0,en,ASVspoof-corpus-terms,/media/storage/moonlab/strive-data/degraded/narrowband_8k/LA_E_1629971.wav,LA_E_1629971,LA_0045,test,narrowband_8k,narrowband
noise_10db,bonafide,0,en,ASVspoof-corpus-terms,/media/storage/moonlab/strive-data/degraded/noise_10db/LA_E_1629971.wav,LA_E_1629971,LA_0045,test,noise_10db,noise 10 dB SNR
clean,bonafide,0,en,ASVspoof-corpus-terms,/media/storage/moonlab/strive-data/degraded/clean/LA_E_7776921.wav,LA_E_7776921,LA_0007,test,clean,unmodified
opus_16k,bonafide,0,en,ASVspoof-corpus-terms,/media/storage/moonlab/strive-data/degraded/opus_16k/LA_E_7776921.wav,LA_E_7776921,LA_0007,test,opus_16k,opus@16k
opus_32k,bonafide,0,en,ASVspoof-corpus-terms,/media/storage/moonlab/strive-data/degraded/opus_32k/LA_E_7776921.wav,LA_E_7776921,LA_0007,test,opus_32k,opus@32k
g711_ulaw,bonafide,0,en,ASVspoof-corpus-terms,/media/storage/moonlab/strive-data/degraded/g711_ulaw/LA_E_7776921.wav,LA_E_7776921,LA_0007,test,g711_ulaw,g711_ulaw
narrowband_8k,bonafide,0,en,ASVspoof-corpus-terms,/media/storage/moonlab/strive-data/degraded/narrowband_8k/LA_E_7776921.wav,LA_E_7776921,LA_0007,test,narrowband_8k,narrowband
noise_10db,bonafide,0,en,ASVspoof-corpus-terms,/media/storage/moonlab/strive-data/degraded/noise_10db/LA_E_7776921.wav,LA_E_7776921,LA_0007,test,noise_10db,noise 10 dB SNR
clean,bonafide,0,en,ASVspoof-corpus-terms,/media/storage/moonlab/strive-data/degraded/clean/LA_E_5020759.wav,LA_E_5020759,LA_0061,test,clean,unmodified
opus_16k,bonafide,0,en,ASVspoof-corpus-terms,/media/storage/moonlab/strive-data/degraded/opus_16k/LA_E_5020759.wav,LA_E_5020759,LA_0061,test,opus_16k,opus@16k
opus_32k,bonafide,0,en,ASVspoof-corpus-terms,/media/storage/moonlab/strive-data/degraded/opus_32k/LA_E_5020759.wav,LA_E_5020759,LA_0061,test,opus_32k,opus@32k
g711_ulaw,bonafide,0,en,ASVspoof-corpus-terms,/media/storage/moonlab/strive-data/degraded/g711_ulaw/LA_E_5020759.wav,LA_E_5020759,LA_0061,test,g711_ulaw,g711_ulaw
narrowband_8k,bonafide,0,en,ASVspoof-corpus-terms,/media/storage/moonlab/strive-data/degraded/narrowband_8k/LA_E_5020759.wav,LA_E_5020759,LA_0061,test,narrowband_8k,narrowband
noise_10db,bonafide,0,en,ASVspoof-corpus-terms,/media/storage/moonlab/strive-data/degraded/noise_10db/LA_E_5020759.wav,LA_E_5020759,LA_0061,test,noise_10db,noise 10 dB SNR
clean,bonafide,0,en,ASVspoof-corpus-terms,/media/storage/moonlab/strive-data/degraded/clean/LA_E_7849343.wav,LA_E_7849343,LA_0013,test,clean,unmodified
opus_16k,bonafide,0,en,ASVspoof-corpus-terms,/media/storage/moonlab/strive-data/degraded/opus_16k/LA_E_7849343.wav,LA_E_7849343,LA_0013,test,opus_16k,opus@16k
opus_32k,bonafide,0,en,ASVspoof-corpus-terms,/media/storage/moonlab/strive-data/degraded/opus_32k/LA_E_7849343.wav,LA_E_7849343,LA_0013,test,opus_32k,opus@32k
g711_ulaw,bonafide,0,en,ASVspoof-corpus-terms,/media/storage/moonlab/strive-data/degraded/g711_ulaw/LA_E_7849343.wav,LA_E_7849343,LA_0013,test,g711_ulaw,g711_ulaw
narrowband_8k,bonafide,0,en,ASVspoof-corpus-terms,/media/storage/moonlab/strive-data/degraded/narrowband_8k/LA_E_7849343.wav,LA_E_7849343,LA_0013,test,narrowband_8k,narrowband
noise_10db,bonafide,0,en,ASVspoof-corpus-terms,/media/storage/moonlab/strive-data/degraded/noise_10db/LA_E_7849343.wav,LA_E_7849343,LA_0013,test,noise_10db,noise 10 dB SNR
clean,bonafide,0,en,ASVspoof-corpus-terms,/media/storage/moonlab/strive-data/degraded/clean/LA_E_5474666.wav,LA_E_5474666,LA_0045,test,clean,unmodified
opus_16k,bonafide,0,en,ASVspoof-corpus-terms,/media/storage/moonlab/strive-data/degraded/opus_16k/LA_E_5474666.wav,LA_E_5474666,LA_0045,test,opus_16k,opus@16k
opus_32k,bonafide,0,en,ASVspoof-corpus-terms,/media/storage/moonlab/strive-data/degraded/opus_32k/LA_E_5474666.wav,LA_E_5474666,LA_0045,test,opus_32k,opus@32k
g711_ulaw,bonafide,0,en,ASVspoof-corpus-terms,/media/storage/moonlab/strive-data/degraded/g711_ulaw/LA_E_5474666.wav,LA_E_5474666,LA_0045,test,g711_ulaw,g711_ulaw
narrowband_8k,bonafide,0,en,ASVspoof-corpus-terms,/media/storage/moonlab/strive-data/degraded/narrowband_8k/LA_E_5474666.wav,LA_E_5474666,LA_0045,test,narrowband_8k,narrowband
noise_10db,bonafide,0,en,ASVspoof-corpus-terms,/media/storage/moonlab/strive-data/degraded/noise_10db/LA_E_5474666.wav,LA_E_5474666,LA_0045,test,noise_10db,noise 10 dB SNR
clean,bonafide,0,en,ASVspoof-corpus-terms,/media/storage/moonlab/strive-data/degraded/clean/LA_E_2368594.wav,LA_E_2368594,LA_0027,test,clean,unmodified
opus_16k,bonafide,0,en,ASVspoof-corpus-terms,/media/storage/moonlab/strive-data/degraded/opus_16k/LA_E_2368594.wav,LA_E_2368594,LA_0027,test,opus_16k,opus@16k
opus_32k,bonafide,0,en,ASVspoof-corpus-terms,/media/storage/moonlab/strive-data/degraded/opus_32k/LA_E_2368594.wav,LA_E_2368594,LA_0027,test,opus_32k,opus@32k
g711_ulaw,bonafide,0,en,ASVspoof-corpus-terms,/media/storage/moonlab/strive-data/degraded/g711_ulaw/LA_E_2368594.wav,LA_E_2368594,LA_0027,test,g711_ulaw,g711_ulaw
narrowband_8k,bonafide,0,en,ASVspoof-corpus-terms,/media/storage/moonlab/strive-data/degraded/narrowband_8k/LA_E_2368594.wav,LA_E_2368594,LA_0027,test,narrowband_8k,narrowband
noise_10db,bonafide,0,en,ASVspoof-corpus-terms,/media/storage/moonlab/strive-data/degraded/noise_10db/LA_E_2368594.wav,LA_E_2368594,LA_0027,test,noise_10db,noise 10 dB SNR
clean,bonafide,0,en,ASVspoof-corpus-terms,/media/storage/moonlab/strive-data/degraded/clean/LA_E_2692228.wav,LA_E_2692228,LA_0035,test,clean,unmodified
opus_16k,bonafide,0,en,ASVspoof-corpus-terms,/media/storage/moonlab/strive-data/degraded/opus_16k/LA_E_2692228.wav,LA_E_2692228,LA_0035,test,opus_16k,opus@16k
opus_32k,bonafide,0,en,ASVspoof-corpus-terms,/media/storage/moonlab/strive-data/degraded/opus_32k/LA_E_2692228.wav,LA_E_2692228,LA_0035,test,opus_32k,opus@32k
g711_ulaw,bonafide,0,en,ASVspoof-corpus-terms,/media/storage/moonlab/strive-data/degraded/g711_ulaw/LA_E_2692228.wav,LA_E_2692228,LA_0035,test,g711_ulaw,g711_ulaw
narrowband_8k,bonafide,0,en,ASVspoof-corpus-terms,/media/storage/moonlab/strive-data/degraded/narrowband_8k/LA_E_2692228.wav,LA_E_2692228,LA_0035,test,narrowband_8k,narrowband
noise_10db,bonafide,0,en,ASVspoof-corpus-terms,/media/storage/moonlab/strive-data/degraded/noise_10db/LA_E_2692228.wav,LA_E_2692228,LA_0035,test,noise_10db,noise 10 dB SNR
clean,bonafide,0,en,ASVspoof-corpus-terms,/media/storage/moonlab/strive-data/degraded/clean/LA_E_1033108.wav,LA_E_1033108,LA_0051,test,clean,unmodified
opus_16k,bonafide,0,en,ASVspoof-corpus-terms,/media/storage/moonlab/strive-data/degraded/opus_16k/LA_E_1033108.wav,LA_E_1033108,LA_0051,test,opus_16k,opus@16k
opus_32k,bonafide,0,en,ASVspoof-corpus-terms,/media/storage/moonlab/strive-data/degraded/opus_32k/LA_E_1033108.wav,LA_E_1033108,LA_0051,test,opus_32k,opus@32k
g711_ulaw,bonafide,0,en,ASVspoof-corpus-terms,/media/storage/moonlab/strive-data/degraded/g711_ulaw/LA_E_1033108.wav,LA_E_1033108,LA_0051,test,g711_ulaw,g711_ulaw
narrowband_8k,bonafide,0,en,ASVspoof-corpus-terms,/media/storage/moonlab/strive-data/degraded/narrowband_8k/LA_E_1033108.wav,LA_E_1033108,LA_0051,test,narrowband_8k,narrowband
noise_10db,bonafide,0,en,ASVspoof-corpus-terms,/media/storage/moonlab/strive-data/degraded/noise_10db/LA_E_1033108.wav,LA_E_1033108,LA_0051,test,noise_10db,noise 10 dB SNR
clean,bonafide,0,en,ASVspoof-corpus-terms,/media/storage/moonlab/strive-data/degraded/clean/LA_E_6459008.wav,LA_E_6459008,LA_0034,test,clean,unmodified
opus_16k,bonafide,0,en,ASVspoof-corpus-terms,/media/storage/moonlab/strive-data/degraded/opus_16k/LA_E_6459008.wav,LA_E_6459008,LA_0034,test,opus_16k,opus@16k
opus_32k,bonafide,0,en,ASVspoof-corpus-terms,/media/storage/moonlab/strive-data/degraded/opus_32k/LA_E_6459008.wav,LA_E_6459008,LA_0034,test,opus_32k,opus@32k
g711_ulaw,bonafide,0,en,ASVspoof-corpus-terms,/media/storage/moonlab/strive-data/degraded/g711_ulaw/LA_E_6459008.wav,LA_E_6459008,LA_0034,test,g711_ulaw,g711_ulaw
narrowband_8k,bonafide,0,en,ASVspoof-corpus-terms,/media/storage/moonlab/strive-data/degraded/narrowband_8k/LA_E_6459008.wav,LA_E_6459008,LA_0034,test,narrowband_8k,narrowband
noise_10db,bonafide,0,en,ASVspoof-corpus-terms,/media/storage/moonlab/strive-data/degraded/noise_10db/LA_E_6459008.wav,LA_E_6459008,LA_0034,test,noise_10db,noise 10 dB SNR
clean,bonafide,0,en,ASVspoof-corpus-terms,/media/storage/moonlab/strive-data/degraded/clean/LA_E_7824929.wav,LA_E_7824929,LA_0033,test,clean,unmodified
opus_16k,bonafide,0,en,ASVspoof-corpus-terms,/media/storage/moonlab/strive-data/degraded/opus_16k/LA_E_7824929.wav,LA_E_7824929,LA_0033,test,opus_16k,opus@16k
opus_32k,bonafide,0,en,ASVspoof-corpus-terms,/media/storage/moonlab/strive-data/degraded/opus_32k/LA_E_7824929.wav,LA_E_7824929,LA_0033,test,opus_32k,opus@32k
g711_ulaw,bonafide,0,en,ASVspoof-corpus-terms,/media/storage/moonlab/strive-data/degraded/g711_ulaw/LA_E_7824929.wav,LA_E_7824929,LA_0033,test,g711_ulaw,g711_ulaw
narrowband_8k,bonafide,0,en,ASVspoof-corpus-terms,/media/storage/moonlab/strive-data/degraded/narrowband_8k/LA_E_7824929.wav,LA_E_7824929,LA_0033,test,narrowband_8k,narrowband
noise_10db,bonafide,0,en,ASVspoof-corpus-terms,/media/storage/moonlab/strive-data/degraded/noise_10db/LA_E_7824929.wav,LA_E_7824929,LA_0033,test,noise_10db,noise 10 dB SNR
clean,bonafide,0,en,ASVspoof-corpus-terms,/media/storage/moonlab/strive-data/degraded/clean/LA_E_5331965.wav,LA_E_5331965,LA_0066,test,clean,unmodified
opus_16k,bonafide,0,en,ASVspoof-corpus-terms,/media/storage/moonlab/strive-data/degraded/opus_16k/LA_E_5331965.wav,LA_E_5331965,LA_0066,test,opus_16k,opus@16k
opus_32k,bonafide,0,en,ASVspoof-corpus-terms,/media/storage/moonlab/strive-data/degraded/opus_32k/LA_E_5331965.wav,LA_E_5331965,LA_0066,test,opus_32k,opus@32k
g711_ulaw,bonafide,0,en,ASVspoof-corpus-terms,/media/storage/moonlab/strive-data/degraded/g711_ulaw/LA_E_5331965.wav,LA_E_5331965,LA_0066,test,g711_ulaw,g711_ulaw
narrowband_8k,bonafide,0,en,ASVspoof-corpus-terms,/media/storage/moonlab/strive-data/degraded/narrowband_8k/LA_E_5331965.wav,LA_E_5331965,LA_0066,test,narrowband_8k,narrowband
noise_10db,bonafide,0,en,ASVspoof-corpus-terms,/media/storage/moonlab/strive-data/degraded/noise_10db/LA_E_5331965.wav,LA_E_5331965,LA_0066,test,noise_10db,noise 10 dB SNR
clean,bonafide,0,en,ASVspoof-corpus-terms,/media/storage/moonlab/strive-data/degraded/clean/LA_E_9112290.wav,LA_E_9112290,LA_0002,test,clean,unmodified
opus_16k,bonafide,0,en,ASVspoof-corpus-terms,/media/storage/moonlab/strive-data/degraded/opus_16k/LA_E_9112290.wav,LA_E_9112290,LA_0002,test,opus_16k,opus@16k
opus_32k,bonafide,0,en,ASVspoof-corpus-terms,/media/storage/moonlab/strive-data/degraded/opus_32k/LA_E_9112290.wav,LA_E_9112290,LA_0002,test,opus_32k,opus@32k
g711_ulaw,bonafide,0,en,ASVspoof-corpus-terms,/media/storage/moonlab/strive-data/degraded/g711_ulaw/LA_E_9112290.wav,LA_E_9112290,LA_0002,test,g711_ulaw,g711_ulaw
narrowband_8k,bonafide,0,en,ASVspoof-corpus-terms,/media/storage/moonlab/strive-data/degraded/narrowband_8k/LA_E_9112290.wav,LA_E_9112290,LA_0002,test,narrowband_8k,narrowband
noise_10db,bonafide,0,en,ASVspoof-corpus-terms,/media/storage/moonlab/strive-data/degraded/noise_10db/LA_E_9112290.wav,LA_E_9112290,LA_0002,test,noise_10db,noise 10 dB SNR
clean,bonafide,0,en,ASVspoof-corpus-terms,/media/storage/moonlab/strive-data/degraded/clean/LA_E_1836574.wav,LA_E_1836574,LA_0032,test,clean,unmodified
opus_16k,bonafide,0,en,ASVspoof-corpus-terms,/media/storage/moonlab/strive-data/degraded/opus_16k/LA_E_1836574.wav,LA_E_1836574,LA_0032,test,opus_16k,opus@16k
opus_32k,bonafide,0,en,ASVspoof-corpus-terms,/media/storage/moonlab/strive-data/degraded/opus_32k/LA_E_1836574.wav,LA_E_1836574,LA_0032,test,opus_32k,opus@32k
g711_ulaw,bonafide,0,en,ASVspoof-corpus-terms,/media/storage/moonlab/strive-data/degraded/g711_ulaw/LA_E_1836574.wav,LA_E_1836574,LA_0032,test,g711_ulaw,g711_ulaw
narrowband_8k,bonafide,0,en,ASVspoof-corpus-terms,/media/storage/moonlab/strive-data/degraded/narrowband_8k/LA_E_1836574.wav,LA_E_1836574,LA_0032,test,narrowband_8k,narrowband
noise_10db,bonafide,0,en,ASVspoof-corpus-terms,/media/storage/moonlab/strive-data/degraded/noise_10db/LA_E_1836574.wav,LA_E_1836574,LA_0032,test,noise_10db,noise 10 dB SNR
clean,bonafide,0,en,ASVspoof-corpus-terms,/media/storage/moonlab/strive-data/degraded/clean/LA_E_3865142.wav,LA_E_3865142,LA_0022,test,clean,unmodified
opus_16k,bonafide,0,en,ASVspoof-corpus-terms,/media/storage/moonlab/strive-data/degraded/opus_16k/LA_E_3865142.wav,LA_E_3865142,LA_0022,test,opus_16k,opus@16k
opus_32k,bonafide,0,en,ASVspoof-corpus-terms,/media/storage/moonlab/strive-data/degraded/opus_32k/LA_E_3865142.wav,LA_E_3865142,LA_0022,test,opus_32k,opus@32k
g711_ulaw,bonafide,0,en,ASVspoof-corpus-terms,/media/storage/moonlab/strive-data/degraded/g711_ulaw/LA_E_3865142.wav,LA_E_3865142,LA_0022,test,g711_ulaw,g711_ulaw
narrowband_8k,bonafide,0,en,ASVspoof-corpus-terms,/media/storage/moonlab/strive-data/degraded/narrowband_8k/LA_E_3865142.wav,LA_E_3865142,LA_0022,test,narrowband_8k,narrowband
noise_10db,bonafide,0,en,ASVspoof-corpus-terms,/media/storage/moonlab/strive-data/degraded/noise_10db/LA_E_3865142.wav,LA_E_3865142,LA_0022,test,noise_10db,noise 10 dB SNR
clean,bonafide,0,en,ASVspoof-corpus-terms,/media/storage/moonlab/strive-data/degraded/clean/LA_E_7660982.wav,LA_E_7660982,LA_0051,test,clean,unmodified
opus_16k,bonafide,0,en,ASVspoof-corpus-terms,/media/storage/moonlab/strive-data/degraded/opus_16k/LA_E_7660982.wav,LA_E_7660982,LA_0051,test,opus_16k,opus@16k
opus_32k,bonafide,0,en,ASVspoof-corpus-terms,/media/storage/moonlab/strive-data/degraded/opus_32k/LA_E_7660982.wav,LA_E_7660982,LA_0051,test,opus_32k,opus@32k
g711_ulaw,bonafide,0,en,ASVspoof-corpus-terms,/media/storage/moonlab/strive-data/degraded/g711_ulaw/LA_E_7660982.wav,LA_E_7660982,LA_0051,test,g711_ulaw,g711_ulaw
narrowband_8k,bonafide,0,en,ASVspoof-corpus-terms,/media/storage/moonlab/strive-data/degraded/narrowband_8k/LA_E_7660982.wav,LA_E_7660982,LA_0051,test,narrowband_8k,narrowband
noise_10db,bonafide,0,en,ASVspoof-corpus-terms,/media/storage/moonlab/strive-data/degraded/noise_10db/LA_E_7660982.wav,LA_E_7660982,LA_0051,test,noise_10db,noise 10 dB SNR
clean,bonafide,0,en,ASVspoof-corpus-terms,/media/storage/moonlab/strive-data/degraded/clean/LA_E_1475429.wav,LA_E_1475429,LA_0029,test,clean,unmodified
opus_16k,bonafide,0,en,ASVspoof-corpus-terms,/media/storage/moonlab/strive-data/degraded/opus_16k/LA_E_1475429.wav,LA_E_1475429,LA_0029,test,opus_16k,opus@16k
opus_32k,bonafide,0,en,ASVspoof-corpus-terms,/media/storage/moonlab/strive-data/degraded/opus_32k/LA_E_1475429.wav,LA_E_1475429,LA_0029,test,opus_32k,opus@32k
g711_ulaw,bonafide,0,en,ASVspoof-corpus-terms,/media/storage/moonlab/strive-data/degraded/g711_ulaw/LA_E_1475429.wav,LA_E_1475429,LA_0029,test,g711_ulaw,g711_ulaw
narrowband_8k,bonafide,0,en,ASVspoof-corpus-terms,/media/storage/moonlab/strive-data/degraded/narrowband_8k/LA_E_1475429.wav,LA_E_1475429,LA_0029,test,narrowband_8k,narrowband
noise_10db,bonafide,0,en,ASVspoof-corpus-terms,/media/storage/moonlab/strive-data/degraded/noise_10db/LA_E_1475429.wav,LA_E_1475429,LA_0029,test,noise_10db,noise 10 dB SNR
clean,bonafide,0,en,ASVspoof-corpus-terms,/media/storage/moonlab/strive-data/degraded/clean/LA_E_2357550.wav,LA_E_2357550,LA_0003,test,clean,unmodified
opus_16k,bonafide,0,en,ASVspoof-corpus-terms,/media/storage/moonlab/strive-data/degraded/opus_16k/LA_E_2357550.wav,LA_E_2357550,LA_0003,test,opus_16k,opus@16k
opus_32k,bonafide,0,en,ASVspoof-corpus-terms,/media/storage/moonlab/strive-data/degraded/opus_32k/LA_E_2357550.wav,LA_E_2357550,LA_0003,test,opus_32k,opus@32k
g711_ulaw,bonafide,0,en,ASVspoof-corpus-terms,/media/storage/moonlab/strive-data/degraded/g711_ulaw/LA_E_2357550.wav,LA_E_2357550,LA_0003,test,g711_ulaw,g711_ulaw
narrowband_8k,bonafide,0,en,ASVspoof-corpus-terms,/media/storage/moonlab/strive-data/degraded/narrowband_8k/LA_E_2357550.wav,LA_E_2357550,LA_0003,test,narrowband_8k,narrowband
noise_10db,bonafide,0,en,ASVspoof-corpus-terms,/media/storage/moonlab/strive-data/degraded/noise_10db/LA_E_2357550.wav,LA_E_2357550,LA_0003,test,noise_10db,noise 10 dB SNR
clean,bonafide,0,en,ASVspoof-corpus-terms,/media/storage/moonlab/strive-data/degraded/clean/LA_E_1781711.wav,LA_E_1781711,LA_0006,test,clean,unmodified
opus_16k,bonafide,0,en,ASVspoof-corpus-terms,/media/storage/moonlab/strive-data/degraded/opus_16k/LA_E_1781711.wav,LA_E_1781711,LA_0006,test,opus_16k,opus@16k
opus_32k,bonafide,0,en,ASVspoof-corpus-terms,/media/storage/moonlab/strive-data/degraded/opus_32k/LA_E_1781711.wav,LA_E_1781711,LA_0006,test,opus_32k,opus@32k
g711_ulaw,bonafide,0,en,ASVspoof-corpus-terms,/media/storage/moonlab/strive-data/degraded/g711_ulaw/LA_E_1781711.wav,LA_E_1781711,LA_0006,test,g711_ulaw,g711_ulaw
narrowband_8k,bonafide,0,en,ASVspoof-corpus-terms,/media/storage/moonlab/strive-data/degraded/narrowband_8k/LA_E_1781711.wav,LA_E_1781711,LA_0006,test,narrowband_8k,narrowband
noise_10db,bonafide,0,en,ASVspoof-corpus-terms,/media/storage/moonlab/strive-data/degraded/noise_10db/LA_E_1781711.wav,LA_E_1781711,LA_0006,test,noise_10db,noise 10 dB SNR
clean,bonafide,0,en,ASVspoof-corpus-terms,/media/storage/moonlab/strive-data/degraded/clean/LA_E_4560130.wav,LA_E_4560130,LA_0066,test,clean,unmodified
opus_16k,bonafide,0,en,ASVspoof-corpus-terms,/media/storage/moonlab/strive-data/degraded/opus_16k/LA_E_4560130.wav,LA_E_4560130,LA_0066,test,opus_16k,opus@16k
opus_32k,bonafide,0,en,ASVspoof-corpus-terms,/media/storage/moonlab/strive-data/degraded/opus_32k/LA_E_4560130.wav,LA_E_4560130,LA_0066,test,opus_32k,opus@32k
g711_ulaw,bonafide,0,en,ASVspoof-corpus-terms,/media/storage/moonlab/strive-data/degraded/g711_ulaw/LA_E_4560130.wav,LA_E_4560130,LA_0066,test,g711_ulaw,g711_ulaw
narrowband_8k,bonafide,0,en,ASVspoof-corpus-terms,/media/storage/moonlab/strive-data/degraded/narrowband_8k/LA_E_4560130.wav,LA_E_4560130,LA_0066,test,narrowband_8k,narrowband
noise_10db,bonafide,0,en,ASVspoof-corpus-terms,/media/storage/moonlab/strive-data/degraded/noise_10db/LA_E_4560130.wav,LA_E_4560130,LA_0066,test,noise_10db,noise 10 dB SNR
clean,bonafide,0,en,ASVspoof-corpus-terms,/media/storage/moonlab/strive-data/degraded/clean/LA_E_7999038.wav,LA_E_7999038,LA_0026,test,clean,unmodified
opus_16k,bonafide,0,en,ASVspoof-corpus-terms,/media/storage/moonlab/strive-data/degraded/opus_16k/LA_E_7999038.wav,LA_E_7999038,LA_0026,test,opus_16k,opus@16k
opus_32k,bonafide,0,en,ASVspoof-corpus-terms,/media/storage/moonlab/strive-data/degraded/opus_32k/LA_E_7999038.wav,LA_E_7999038,LA_0026,test,opus_32k,opus@32k
g711_ulaw,bonafide,0,en,ASVspoof-corpus-terms,/media/storage/moonlab/strive-data/degraded/g711_ulaw/LA_E_7999038.wav,LA_E_7999038,LA_0026,test,g711_ulaw,g711_ulaw
narrowband_8k,bonafide,0,en,ASVspoof-corpus-terms,/media/storage/moonlab/strive-data/degraded/narrowband_8k/LA_E_7999038.wav,LA_E_7999038,LA_0026,test,narrowband_8k,narrowband
noise_10db,bonafide,0,en,ASVspoof-corpus-terms,/media/storage/moonlab/strive-data/degraded/noise_10db/LA_E_7999038.wav,LA_E_7999038,LA_0026,test,noise_10db,noise 10 dB SNR
clean,bonafide,0,en,ASVspoof-corpus-terms,/media/storage/moonlab/strive-data/degraded/clean/LA_E_9305358.wav,LA_E_9305358,LA_0040,test,clean,unmodified
opus_16k,bonafide,0,en,ASVspoof-corpus-terms,/media/storage/moonlab/strive-data/degraded/opus_16k/LA_E_9305358.wav,LA_E_9305358,LA_0040,test,opus_16k,opus@16k
opus_32k,bonafide,0,en,ASVspoof-corpus-terms,/media/storage/moonlab/strive-data/degraded/opus_32k/LA_E_9305358.wav,LA_E_9305358,LA_0040,test,opus_32k,opus@32k
g711_ulaw,bonafide,0,en,ASVspoof-corpus-terms,/media/storage/moonlab/strive-data/degraded/g711_ulaw/LA_E_9305358.wav,LA_E_9305358,LA_0040,test,g711_ulaw,g711_ulaw
narrowband_8k,bonafide,0,en,ASVspoof-corpus-terms,/media/storage/moonlab/strive-data/degraded/narrowband_8k/LA_E_9305358.wav,LA_E_9305358,LA_0040,test,narrowband_8k,narrowband
noise_10db,bonafide,0,en,ASVspoof-corpus-terms,/media/storage/moonlab/strive-data/degraded/noise_10db/LA_E_9305358.wav,LA_E_9305358,LA_0040,test,noise_10db,noise 10 dB SNR
clean,bonafide,0,en,ASVspoof-corpus-terms,/media/storage/moonlab/strive-data/degraded/clean/LA_E_7769419.wav,LA_E_7769419,LA_0052,test,clean,unmodified
opus_16k,bonafide,0,en,ASVspoof-corpus-terms,/media/storage/moonlab/strive-data/degraded/opus_16k/LA_E_7769419.wav,LA_E_7769419,LA_0052,test,opus_16k,opus@16k
opus_32k,bonafide,0,en,ASVspoof-corpus-terms,/media/storage/moonlab/strive-data/degraded/opus_32k/LA_E_7769419.wav,LA_E_7769419,LA_0052,test,opus_32k,opus@32k
g711_ulaw,bonafide,0,en,ASVspoof-corpus-terms,/media/storage/moonlab/strive-data/degraded/g711_ulaw/LA_E_7769419.wav,LA_E_7769419,LA_0052,test,g711_ulaw,g711_ulaw
narrowband_8k,bonafide,0,en,ASVspoof-corpus-terms,/media/storage/moonlab/strive-data/degraded/narrowband_8k/LA_E_7769419.wav,LA_E_7769419,LA_0052,test,narrowband_8k,narrowband
noise_10db,bonafide,0,en,ASVspoof-corpus-terms,/media/storage/moonlab/strive-data/degraded/noise_10db/LA_E_7769419.wav,LA_E_7769419,LA_0052,test,noise_10db,noise 10 dB SNR
clean,bonafide,0,en,ASVspoof-corpus-terms,/media/storage/moonlab/strive-data/degraded/clean/LA_E_2852583.wav,LA_E_2852583,LA_0012,test,clean,unmodified
opus_16k,bonafide,0,en,ASVspoof-corpus-terms,/media/storage/moonlab/strive-data/degraded/opus_16k/LA_E_2852583.wav,LA_E_2852583,LA_0012,test,opus_16k,opus@16k
opus_32k,bonafide,0,en,ASVspoof-corpus-terms,/media/storage/moonlab/strive-data/degraded/opus_32k/LA_E_2852583.wav,LA_E_2852583,LA_0012,test,opus_32k,opus@32k
g711_ulaw,bonafide,0,en,ASVspoof-corpus-terms,/media/storage/moonlab/strive-data/degraded/g711_ulaw/LA_E_2852583.wav,LA_E_2852583,LA_0012,test,g711_ulaw,g711_ulaw
narrowband_8k,bonafide,0,en,ASVspoof-corpus-terms,/media/storage/moonlab/strive-data/degraded/narrowband_8k/LA_E_2852583.wav,LA_E_2852583,LA_0012,test,narrowband_8k,narrowband
noise_10db,bonafide,0,en,ASVspoof-corpus-terms,/media/storage/moonlab/strive-data/degraded/noise_10db/LA_E_2852583.wav,LA_E_2852583,LA_0012,test,noise_10db,noise 10 dB SNR
clean,bonafide,0,en,ASVspoof-corpus-terms,/media/storage/moonlab/strive-data/degraded/clean/LA_E_1803823.wav,LA_E_1803823,LA_0038,test,clean,unmodified
opus_16k,bonafide,0,en,ASVspoof-corpus-terms,/media/storage/moonlab/strive-data/degraded/opus_16k/LA_E_1803823.wav,LA_E_1803823,LA_0038,test,opus_16k,opus@16k
opus_32k,bonafide,0,en,ASVspoof-corpus-terms,/media/storage/moonlab/strive-data/degraded/opus_32k/LA_E_1803823.wav,LA_E_1803823,LA_0038,test,opus_32k,opus@32k
g711_ulaw,bonafide,0,en,ASVspoof-corpus-terms,/media/storage/moonlab/strive-data/degraded/g711_ulaw/LA_E_1803823.wav,LA_E_1803823,LA_0038,test,g711_ulaw,g711_ulaw
narrowband_8k,bonafide,0,en,ASVspoof-corpus-terms,/media/storage/moonlab/strive-data/degraded/narrowband_8k/LA_E_1803823.wav,LA_E_1803823,LA_0038,test,narrowband_8k,narrowband
noise_10db,bonafide,0,en,ASVspoof-corpus-terms,/media/storage/moonlab/strive-data/degraded/noise_10db/LA_E_1803823.wav,LA_E_1803823,LA_0038,test,noise_10db,noise 10 dB SNR
clean,bonafide,0,en,ASVspoof-corpus-terms,/media/storage/moonlab/strive-data/degraded/clean/LA_E_2310979.wav,LA_E_2310979,LA_0012,test,clean,unmodified
opus_16k,bonafide,0,en,ASVspoof-corpus-terms,/media/storage/moonlab/strive-data/degraded/opus_16k/LA_E_2310979.wav,LA_E_2310979,LA_0012,test,opus_16k,opus@16k
opus_32k,bonafide,0,en,ASVspoof-corpus-terms,/media/storage/moonlab/strive-data/degraded/opus_32k/LA_E_2310979.wav,LA_E_2310979,LA_0012,test,opus_32k,opus@32k
g711_ulaw,bonafide,0,en,ASVspoof-corpus-terms,/media/storage/moonlab/strive-data/degraded/g711_ulaw/LA_E_2310979.wav,LA_E_2310979,LA_0012,test,g711_ulaw,g711_ulaw
narrowband_8k,bonafide,0,en,ASVspoof-corpus-terms,/media/storage/moonlab/strive-data/degraded/narrowband_8k/LA_E_2310979.wav,LA_E_2310979,LA_0012,test,narrowband_8k,narrowband
noise_10db,bonafide,0,en,ASVspoof-corpus-terms,/media/storage/moonlab/strive-data/degraded/noise_10db/LA_E_2310979.wav,LA_E_2310979,LA_0012,test,noise_10db,noise 10 dB SNR
clean,bonafide,0,en,ASVspoof-corpus-terms,/media/storage/moonlab/strive-data/degraded/clean/LA_E_3621931.wav,LA_E_3621931,LA_0024,test,clean,unmodified
opus_16k,bonafide,0,en,ASVspoof-corpus-terms,/media/storage/moonlab/strive-data/degraded/opus_16k/LA_E_3621931.wav,LA_E_3621931,LA_0024,test,opus_16k,opus@16k
opus_32k,bonafide,0,en,ASVspoof-corpus-terms,/media/storage/moonlab/strive-data/degraded/opus_32k/LA_E_3621931.wav,LA_E_3621931,LA_0024,test,opus_32k,opus@32k
g711_ulaw,bonafide,0,en,ASVspoof-corpus-terms,/media/storage/moonlab/strive-data/degraded/g711_ulaw/LA_E_3621931.wav,LA_E_3621931,LA_0024,test,g711_ulaw,g711_ulaw
narrowband_8k,bonafide,0,en,ASVspoof-corpus-terms,/media/storage/moonlab/strive-data/degraded/narrowband_8k/LA_E_3621931.wav,LA_E_3621931,LA_0024,test,narrowband_8k,narrowband
noise_10db,bonafide,0,en,ASVspoof-corpus-terms,/media/storage/moonlab/strive-data/degraded/noise_10db/LA_E_3621931.wav,LA_E_3621931,LA_0024,test,noise_10db,noise 10 dB SNR
clean,bonafide,0,en,ASVspoof-corpus-terms,/media/storage/moonlab/strive-data/degraded/clean/LA_E_8881522.wav,LA_E_8881522,LA_0050,test,clean,unmodified
opus_16k,bonafide,0,en,ASVspoof-corpus-terms,/media/storage/moonlab/strive-data/degraded/opus_16k/LA_E_8881522.wav,LA_E_8881522,LA_0050,test,opus_16k,opus@16k
opus_32k,bonafide,0,en,ASVspoof-corpus-terms,/media/storage/moonlab/strive-data/degraded/opus_32k/LA_E_8881522.wav,LA_E_8881522,LA_0050,test,opus_32k,opus@32k
g711_ulaw,bonafide,0,en,ASVspoof-corpus-terms,/media/storage/moonlab/strive-data/degraded/g711_ulaw/LA_E_8881522.wav,LA_E_8881522,LA_0050,test,g711_ulaw,g711_ulaw
narrowband_8k,bonafide,0,en,ASVspoof-corpus-terms,/media/storage/moonlab/strive-data/degraded/narrowband_8k/LA_E_8881522.wav,LA_E_8881522,LA_0050,test,narrowband_8k,narrowband
noise_10db,bonafide,0,en,ASVspoof-corpus-terms,/media/storage/moonlab/strive-data/degraded/noise_10db/LA_E_8881522.wav,LA_E_8881522,LA_0050,test,noise_10db,noise 10 dB SNR
clean,bonafide,0,en,ASVspoof-corpus-terms,/media/storage/moonlab/strive-data/degraded/clean/LA_E_8653724.wav,LA_E_8653724,LA_0027,test,clean,unmodified
opus_16k,bonafide,0,en,ASVspoof-corpus-terms,/media/storage/moonlab/strive-data/degraded/opus_16k/LA_E_8653724.wav,LA_E_8653724,LA_0027,test,opus_16k,opus@16k
opus_32k,bonafide,0,en,ASVspoof-corpus-terms,/media/storage/moonlab/strive-data/degraded/opus_32k/LA_E_8653724.wav,LA_E_8653724,LA_0027,test,opus_32k,opus@32k
g711_ulaw,bonafide,0,en,ASVspoof-corpus-terms,/media/storage/moonlab/strive-data/degraded/g711_ulaw/LA_E_8653724.wav,LA_E_8653724,LA_0027,test,g711_ulaw,g711_ulaw
narrowband_8k,bonafide,0,en,ASVspoof-corpus-terms,/media/storage/moonlab/strive-data/degraded/narrowband_8k/LA_E_8653724.wav,LA_E_8653724,LA_0027,test,narrowband_8k,narrowband
noise_10db,bonafide,0,en,ASVspoof-corpus-terms,/media/storage/moonlab/strive-data/degraded/noise_10db/LA_E_8653724.wav,LA_E_8653724,LA_0027,test,noise_10db,noise 10 dB SNR
clean,bonafide,0,en,ASVspoof-corpus-terms,/media/storage/moonlab/strive-data/degraded/clean/LA_E_7424196.wav,LA_E_7424196,LA_0066,test,clean,unmodified
opus_16k,bonafide,0,en,ASVspoof-corpus-terms,/media/storage/moonlab/strive-data/degraded/opus_16k/LA_E_7424196.wav,LA_E_7424196,LA_0066,test,opus_16k,opus@16k
opus_32k,bonafide,0,en,ASVspoof-corpus-terms,/media/storage/moonlab/strive-data/degraded/opus_32k/LA_E_7424196.wav,LA_E_7424196,LA_0066,test,opus_32k,opus@32k
g711_ulaw,bonafide,0,en,ASVspoof-corpus-terms,/media/storage/moonlab/strive-data/degraded/g711_ulaw/LA_E_7424196.wav,LA_E_7424196,LA_0066,test,g711_ulaw,g711_ulaw
narrowband_8k,bonafide,0,en,ASVspoof-corpus-terms,/media/storage/moonlab/strive-data/degraded/narrowband_8k/LA_E_7424196.wav,LA_E_7424196,LA_0066,test,narrowband_8k,narrowband
noise_10db,bonafide,0,en,ASVspoof-corpus-terms,/media/storage/moonlab/strive-data/degraded/noise_10db/LA_E_7424196.wav,LA_E_7424196,LA_0066,test,noise_10db,noise 10 dB SNR
clean,bonafide,0,en,ASVspoof-corpus-terms,/media/storage/moonlab/strive-data/degraded/clean/LA_E_2999092.wav,LA_E_2999092,LA_0002,test,clean,unmodified
opus_16k,bonafide,0,en,ASVspoof-corpus-terms,/media/storage/moonlab/strive-data/degraded/opus_16k/LA_E_2999092.wav,LA_E_2999092,LA_0002,test,opus_16k,opus@16k
opus_32k,bonafide,0,en,ASVspoof-corpus-terms,/media/storage/moonlab/strive-data/degraded/opus_32k/LA_E_2999092.wav,LA_E_2999092,LA_0002,test,opus_32k,opus@32k
g711_ulaw,bonafide,0,en,ASVspoof-corpus-terms,/media/storage/moonlab/strive-data/degraded/g711_ulaw/LA_E_2999092.wav,LA_E_2999092,LA_0002,test,g711_ulaw,g711_ulaw
narrowband_8k,bonafide,0,en,ASVspoof-corpus-terms,/media/storage/moonlab/strive-data/degraded/narrowband_8k/LA_E_2999092.wav,LA_E_2999092,LA_0002,test,narrowband_8k,narrowband
noise_10db,bonafide,0,en,ASVspoof-corpus-terms,/media/storage/moonlab/strive-data/degraded/noise_10db/LA_E_2999092.wav,LA_E_2999092,LA_0002,test,noise_10db,noise 10 dB SNR
clean,bonafide,0,en,ASVspoof-corpus-terms,/media/storage/moonlab/strive-data/degraded/clean/LA_E_7527168.wav,LA_E_7527168,LA_0011,test,clean,unmodified
opus_16k,bonafide,0,en,ASVspoof-corpus-terms,/media/storage/moonlab/strive-data/degraded/opus_16k/LA_E_7527168.wav,LA_E_7527168,LA_0011,test,opus_16k,opus@16k
opus_32k,bonafide,0,en,ASVspoof-corpus-terms,/media/storage/moonlab/strive-data/degraded/opus_32k/LA_E_7527168.wav,LA_E_7527168,LA_0011,test,opus_32k,opus@32k
g711_ulaw,bonafide,0,en,ASVspoof-corpus-terms,/media/storage/moonlab/strive-data/degraded/g711_ulaw/LA_E_7527168.wav,LA_E_7527168,LA_0011,test,g711_ulaw,g711_ulaw
narrowband_8k,bonafide,0,en,ASVspoof-corpus-terms,/media/storage/moonlab/strive-data/degraded/narrowband_8k/LA_E_7527168.wav,LA_E_7527168,LA_0011,test,narrowband_8k,narrowband
noise_10db,bonafide,0,en,ASVspoof-corpus-terms,/media/storage/moonlab/strive-data/degraded/noise_10db/LA_E_7527168.wav,LA_E_7527168,LA_0011,test,noise_10db,noise 10 dB SNR
clean,bonafide,0,en,ASVspoof-corpus-terms,/media/storage/moonlab/strive-data/degraded/clean/LA_E_8020432.wav,LA_E_8020432,LA_0033,test,clean,unmodified
opus_16k,bonafide,0,en,ASVspoof-corpus-terms,/media/storage/moonlab/strive-data/degraded/opus_16k/LA_E_8020432.wav,LA_E_8020432,LA_0033,test,opus_16k,opus@16k
opus_32k,bonafide,0,en,ASVspoof-corpus-terms,/media/storage/moonlab/strive-data/degraded/opus_32k/LA_E_8020432.wav,LA_E_8020432,LA_0033,test,opus_32k,opus@32k
g711_ulaw,bonafide,0,en,ASVspoof-corpus-terms,/media/storage/moonlab/strive-data/degraded/g711_ulaw/LA_E_8020432.wav,LA_E_8020432,LA_0033,test,g711_ulaw,g711_ulaw
narrowband_8k,bonafide,0,en,ASVspoof-corpus-terms,/media/storage/moonlab/strive-data/degraded/narrowband_8k/LA_E_8020432.wav,LA_E_8020432,LA_0033,test,narrowband_8k,narrowband
noise_10db,bonafide,0,en,ASVspoof-corpus-terms,/media/storage/moonlab/strive-data/degraded/noise_10db/LA_E_8020432.wav,LA_E_8020432,LA_0033,test,noise_10db,noise 10 dB SNR
clean,bonafide,0,en,ASVspoof-corpus-terms,/media/storage/moonlab/strive-data/degraded/clean/LA_E_9192600.wav,LA_E_9192600,LA_0023,test,clean,unmodified
opus_16k,bonafide,0,en,ASVspoof-corpus-terms,/media/storage/moonlab/strive-data/degraded/opus_16k/LA_E_9192600.wav,LA_E_9192600,LA_0023,test,opus_16k,opus@16k
opus_32k,bonafide,0,en,ASVspoof-corpus-terms,/media/storage/moonlab/strive-data/degraded/opus_32k/LA_E_9192600.wav,LA_E_9192600,LA_0023,test,opus_32k,opus@32k
g711_ulaw,bonafide,0,en,ASVspoof-corpus-terms,/media/storage/moonlab/strive-data/degraded/g711_ulaw/LA_E_9192600.wav,LA_E_9192600,LA_0023,test,g711_ulaw,g711_ulaw
narrowband_8k,bonafide,0,en,ASVspoof-corpus-terms,/media/storage/moonlab/strive-data/degraded/narrowband_8k/LA_E_9192600.wav,LA_E_9192600,LA_0023,test,narrowband_8k,narrowband
noise_10db,bonafide,0,en,ASVspoof-corpus-terms,/media/storage/moonlab/strive-data/degraded/noise_10db/LA_E_9192600.wav,LA_E_9192600,LA_0023,test,noise_10db,noise 10 dB SNR
clean,bonafide,0,en,ASVspoof-corpus-terms,/media/storage/moonlab/strive-data/degraded/clean/LA_E_1207845.wav,LA_E_1207845,LA_0031,test,clean,unmodified
opus_16k,bonafide,0,en,ASVspoof-corpus-terms,/media/storage/moonlab/strive-data/degraded/opus_16k/LA_E_1207845.wav,LA_E_1207845,LA_0031,test,opus_16k,opus@16k
opus_32k,bonafide,0,en,ASVspoof-corpus-terms,/media/storage/moonlab/strive-data/degraded/opus_32k/LA_E_1207845.wav,LA_E_1207845,LA_0031,test,opus_32k,opus@32k
g711_ulaw,bonafide,0,en,ASVspoof-corpus-terms,/media/storage/moonlab/strive-data/degraded/g711_ulaw/LA_E_1207845.wav,LA_E_1207845,LA_0031,test,g711_ulaw,g711_ulaw
narrowband_8k,bonafide,0,en,ASVspoof-corpus-terms,/media/storage/moonlab/strive-data/degraded/narrowband_8k/LA_E_1207845.wav,LA_E_1207845,LA_0031,test,narrowband_8k,narrowband
noise_10db,bonafide,0,en,ASVspoof-corpus-terms,/media/storage/moonlab/strive-data/degraded/noise_10db/LA_E_1207845.wav,LA_E_1207845,LA_0031,test,noise_10db,noise 10 dB SNR
clean,bonafide,0,en,ASVspoof-corpus-terms,/media/storage/moonlab/strive-data/degraded/clean/LA_E_1304770.wav,LA_E_1304770,LA_0051,test,clean,unmodified
opus_16k,bonafide,0,en,ASVspoof-corpus-terms,/media/storage/moonlab/strive-data/degraded/opus_16k/LA_E_1304770.wav,LA_E_1304770,LA_0051,test,opus_16k,opus@16k
opus_32k,bonafide,0,en,ASVspoof-corpus-terms,/media/storage/moonlab/strive-data/degraded/opus_32k/LA_E_1304770.wav,LA_E_1304770,LA_0051,test,opus_32k,opus@32k
g711_ulaw,bonafide,0,en,ASVspoof-corpus-terms,/media/storage/moonlab/strive-data/degraded/g711_ulaw/LA_E_1304770.wav,LA_E_1304770,LA_0051,test,g711_ulaw,g711_ulaw
narrowband_8k,bonafide,0,en,ASVspoof-corpus-terms,/media/storage/moonlab/strive-data/degraded/narrowband_8k/LA_E_1304770.wav,LA_E_1304770,LA_0051,test,narrowband_8k,narrowband
noise_10db,bonafide,0,en,ASVspoof-corpus-terms,/media/storage/moonlab/strive-data/degraded/noise_10db/LA_E_1304770.wav,LA_E_1304770,LA_0051,test,noise_10db,noise 10 dB SNR
clean,bonafide,0,en,ASVspoof-corpus-terms,/media/storage/moonlab/strive-data/degraded/clean/LA_E_9219334.wav,LA_E_9219334,LA_0054,test,clean,unmodified
opus_16k,bonafide,0,en,ASVspoof-corpus-terms,/media/storage/moonlab/strive-data/degraded/opus_16k/LA_E_9219334.wav,LA_E_9219334,LA_0054,test,opus_16k,opus@16k
opus_32k,bonafide,0,en,ASVspoof-corpus-terms,/media/storage/moonlab/strive-data/degraded/opus_32k/LA_E_9219334.wav,LA_E_9219334,LA_0054,test,opus_32k,opus@32k
g711_ulaw,bonafide,0,en,ASVspoof-corpus-terms,/media/storage/moonlab/strive-data/degraded/g711_ulaw/LA_E_9219334.wav,LA_E_9219334,LA_0054,test,g711_ulaw,g711_ulaw
narrowband_8k,bonafide,0,en,ASVspoof-corpus-terms,/media/storage/moonlab/strive-data/degraded/narrowband_8k/LA_E_9219334.wav,LA_E_9219334,LA_0054,test,narrowband_8k,narrowband
noise_10db,bonafide,0,en,ASVspoof-corpus-terms,/media/storage/moonlab/strive-data/degraded/noise_10db/LA_E_9219334.wav,LA_E_9219334,LA_0054,test,noise_10db,noise 10 dB SNR
clean,bonafide,0,en,ASVspoof-corpus-terms,/media/storage/moonlab/strive-data/degraded/clean/LA_E_7268595.wav,LA_E_7268595,LA_0020,test,clean,unmodified
opus_16k,bonafide,0,en,ASVspoof-corpus-terms,/media/storage/moonlab/strive-data/degraded/opus_16k/LA_E_7268595.wav,LA_E_7268595,LA_0020,test,opus_16k,opus@16k
opus_32k,bonafide,0,en,ASVspoof-corpus-terms,/media/storage/moonlab/strive-data/degraded/opus_32k/LA_E_7268595.wav,LA_E_7268595,LA_0020,test,opus_32k,opus@32k
g711_ulaw,bonafide,0,en,ASVspoof-corpus-terms,/media/storage/moonlab/strive-data/degraded/g711_ulaw/LA_E_7268595.wav,LA_E_7268595,LA_0020,test,g711_ulaw,g711_ulaw
narrowband_8k,bonafide,0,en,ASVspoof-corpus-terms,/media/storage/moonlab/strive-data/degraded/narrowband_8k/LA_E_7268595.wav,LA_E_7268595,LA_0020,test,narrowband_8k,narrowband
noise_10db,bonafide,0,en,ASVspoof-corpus-terms,/media/storage/moonlab/strive-data/degraded/noise_10db/LA_E_7268595.wav,LA_E_7268595,LA_0020,test,noise_10db,noise 10 dB SNR
clean,bonafide,0,en,ASVspoof-corpus-terms,/media/storage/moonlab/strive-data/degraded/clean/LA_E_5506628.wav,LA_E_5506628,LA_0013,test,clean,unmodified
opus_16k,bonafide,0,en,ASVspoof-corpus-terms,/media/storage/moonlab/strive-data/degraded/opus_16k/LA_E_5506628.wav,LA_E_5506628,LA_0013,test,opus_16k,opus@16k
opus_32k,bonafide,0,en,ASVspoof-corpus-terms,/media/storage/moonlab/strive-data/degraded/opus_32k/LA_E_5506628.wav,LA_E_5506628,LA_0013,test,opus_32k,opus@32k
g711_ulaw,bonafide,0,en,ASVspoof-corpus-terms,/media/storage/moonlab/strive-data/degraded/g711_ulaw/LA_E_5506628.wav,LA_E_5506628,LA_0013,test,g711_ulaw,g711_ulaw
narrowband_8k,bonafide,0,en,ASVspoof-corpus-terms,/media/storage/moonlab/strive-data/degraded/narrowband_8k/LA_E_5506628.wav,LA_E_5506628,LA_0013,test,narrowband_8k,narrowband
noise_10db,bonafide,0,en,ASVspoof-corpus-terms,/media/storage/moonlab/strive-data/degraded/noise_10db/LA_E_5506628.wav,LA_E_5506628,LA_0013,test,noise_10db,noise 10 dB SNR
clean,bonafide,0,en,ASVspoof-corpus-terms,/media/storage/moonlab/strive-data/degraded/clean/LA_E_5020851.wav,LA_E_5020851,LA_0026,test,clean,unmodified
opus_16k,bonafide,0,en,ASVspoof-corpus-terms,/media/storage/moonlab/strive-data/degraded/opus_16k/LA_E_5020851.wav,LA_E_5020851,LA_0026,test,opus_16k,opus@16k
opus_32k,bonafide,0,en,ASVspoof-corpus-terms,/media/storage/moonlab/strive-data/degraded/opus_32k/LA_E_5020851.wav,LA_E_5020851,LA_0026,test,opus_32k,opus@32k
g711_ulaw,bonafide,0,en,ASVspoof-corpus-terms,/media/storage/moonlab/strive-data/degraded/g711_ulaw/LA_E_5020851.wav,LA_E_5020851,LA_0026,test,g711_ulaw,g711_ulaw
narrowband_8k,bonafide,0,en,ASVspoof-corpus-terms,/media/storage/moonlab/strive-data/degraded/narrowband_8k/LA_E_5020851.wav,LA_E_5020851,LA_0026,test,narrowband_8k,narrowband
noise_10db,bonafide,0,en,ASVspoof-corpus-terms,/media/storage/moonlab/strive-data/degraded/noise_10db/LA_E_5020851.wav,LA_E_5020851,LA_0026,test,noise_10db,noise 10 dB SNR
clean,bonafide,0,en,ASVspoof-corpus-terms,/media/storage/moonlab/strive-data/degraded/clean/LA_E_6845521.wav,LA_E_6845521,LA_0061,test,clean,unmodified
opus_16k,bonafide,0,en,ASVspoof-corpus-terms,/media/storage/moonlab/strive-data/degraded/opus_16k/LA_E_6845521.wav,LA_E_6845521,LA_0061,test,opus_16k,opus@16k
opus_32k,bonafide,0,en,ASVspoof-corpus-terms,/media/storage/moonlab/strive-data/degraded/opus_32k/LA_E_6845521.wav,LA_E_6845521,LA_0061,test,opus_32k,opus@32k
g711_ulaw,bonafide,0,en,ASVspoof-corpus-terms,/media/storage/moonlab/strive-data/degraded/g711_ulaw/LA_E_6845521.wav,LA_E_6845521,LA_0061,test,g711_ulaw,g711_ulaw
narrowband_8k,bonafide,0,en,ASVspoof-corpus-terms,/media/storage/moonlab/strive-data/degraded/narrowband_8k/LA_E_6845521.wav,LA_E_6845521,LA_0061,test,narrowband_8k,narrowband
noise_10db,bonafide,0,en,ASVspoof-corpus-terms,/media/storage/moonlab/strive-data/degraded/noise_10db/LA_E_6845521.wav,LA_E_6845521,LA_0061,test,noise_10db,noise 10 dB SNR
clean,bonafide,0,en,ASVspoof-corpus-terms,/media/storage/moonlab/strive-data/degraded/clean/LA_E_1460370.wav,LA_E_1460370,LA_0055,test,clean,unmodified
opus_16k,bonafide,0,en,ASVspoof-corpus-terms,/media/storage/moonlab/strive-data/degraded/opus_16k/LA_E_1460370.wav,LA_E_1460370,LA_0055,test,opus_16k,opus@16k
opus_32k,bonafide,0,en,ASVspoof-corpus-terms,/media/storage/moonlab/strive-data/degraded/opus_32k/LA_E_1460370.wav,LA_E_1460370,LA_0055,test,opus_32k,opus@32k
g711_ulaw,bonafide,0,en,ASVspoof-corpus-terms,/media/storage/moonlab/strive-data/degraded/g711_ulaw/LA_E_1460370.wav,LA_E_1460370,LA_0055,test,g711_ulaw,g711_ulaw
narrowband_8k,bonafide,0,en,ASVspoof-corpus-terms,/media/storage/moonlab/strive-data/degraded/narrowband_8k/LA_E_1460370.wav,LA_E_1460370,LA_0055,test,narrowband_8k,narrowband
noise_10db,bonafide,0,en,ASVspoof-corpus-terms,/media/storage/moonlab/strive-data/degraded/noise_10db/LA_E_1460370.wav,LA_E_1460370,LA_0055,test,noise_10db,noise 10 dB SNR
clean,bonafide,0,en,ASVspoof-corpus-terms,/media/storage/moonlab/strive-data/degraded/clean/LA_E_6792116.wav,LA_E_6792116,LA_0017,test,clean,unmodified
opus_16k,bonafide,0,en,ASVspoof-corpus-terms,/media/storage/moonlab/strive-data/degraded/opus_16k/LA_E_6792116.wav,LA_E_6792116,LA_0017,test,opus_16k,opus@16k
opus_32k,bonafide,0,en,ASVspoof-corpus-terms,/media/storage/moonlab/strive-data/degraded/opus_32k/LA_E_6792116.wav,LA_E_6792116,LA_0017,test,opus_32k,opus@32k
g711_ulaw,bonafide,0,en,ASVspoof-corpus-terms,/media/storage/moonlab/strive-data/degraded/g711_ulaw/LA_E_6792116.wav,LA_E_6792116,LA_0017,test,g711_ulaw,g711_ulaw
narrowband_8k,bonafide,0,en,ASVspoof-corpus-terms,/media/storage/moonlab/strive-data/degraded/narrowband_8k/LA_E_6792116.wav,LA_E_6792116,LA_0017,test,narrowband_8k,narrowband
noise_10db,bonafide,0,en,ASVspoof-corpus-terms,/media/storage/moonlab/strive-data/degraded/noise_10db/LA_E_6792116.wav,LA_E_6792116,LA_0017,test,noise_10db,noise 10 dB SNR
clean,bonafide,0,en,ASVspoof-corpus-terms,/media/storage/moonlab/strive-data/degraded/clean/LA_E_9336433.wav,LA_E_9336433,LA_0026,test,clean,unmodified
opus_16k,bonafide,0,en,ASVspoof-corpus-terms,/media/storage/moonlab/strive-data/degraded/opus_16k/LA_E_9336433.wav,LA_E_9336433,LA_0026,test,opus_16k,opus@16k
opus_32k,bonafide,0,en,ASVspoof-corpus-terms,/media/storage/moonlab/strive-data/degraded/opus_32k/LA_E_9336433.wav,LA_E_9336433,LA_0026,test,opus_32k,opus@32k
g711_ulaw,bonafide,0,en,ASVspoof-corpus-terms,/media/storage/moonlab/strive-data/degraded/g711_ulaw/LA_E_9336433.wav,LA_E_9336433,LA_0026,test,g711_ulaw,g711_ulaw
narrowband_8k,bonafide,0,en,ASVspoof-corpus-terms,/media/storage/moonlab/strive-data/degraded/narrowband_8k/LA_E_9336433.wav,LA_E_9336433,LA_0026,test,narrowband_8k,narrowband
noise_10db,bonafide,0,en,ASVspoof-corpus-terms,/media/storage/moonlab/strive-data/degraded/noise_10db/LA_E_9336433.wav,LA_E_9336433,LA_0026,test,noise_10db,noise 10 dB SNR
clean,bonafide,0,en,ASVspoof-corpus-terms,/media/storage/moonlab/strive-data/degraded/clean/LA_E_2733152.wav,LA_E_2733152,LA_0023,test,clean,unmodified
opus_16k,bonafide,0,en,ASVspoof-corpus-terms,/media/storage/moonlab/strive-data/degraded/opus_16k/LA_E_2733152.wav,LA_E_2733152,LA_0023,test,opus_16k,opus@16k
opus_32k,bonafide,0,en,ASVspoof-corpus-terms,/media/storage/moonlab/strive-data/degraded/opus_32k/LA_E_2733152.wav,LA_E_2733152,LA_0023,test,opus_32k,opus@32k
g711_ulaw,bonafide,0,en,ASVspoof-corpus-terms,/media/storage/moonlab/strive-data/degraded/g711_ulaw/LA_E_2733152.wav,LA_E_2733152,LA_0023,test,g711_ulaw,g711_ulaw
narrowband_8k,bonafide,0,en,ASVspoof-corpus-terms,/media/storage/moonlab/strive-data/degraded/narrowband_8k/LA_E_2733152.wav,LA_E_2733152,LA_0023,test,narrowband_8k,narrowband
noise_10db,bonafide,0,en,ASVspoof-corpus-terms,/media/storage/moonlab/strive-data/degraded/noise_10db/LA_E_2733152.wav,LA_E_2733152,LA_0023,test,noise_10db,noise 10 dB SNR
clean,bonafide,0,en,ASVspoof-corpus-terms,/media/storage/moonlab/strive-data/degraded/clean/LA_E_3173049.wav,LA_E_3173049,LA_0019,test,clean,unmodified
opus_16k,bonafide,0,en,ASVspoof-corpus-terms,/media/storage/moonlab/strive-data/degraded/opus_16k/LA_E_3173049.wav,LA_E_3173049,LA_0019,test,opus_16k,opus@16k
opus_32k,bonafide,0,en,ASVspoof-corpus-terms,/media/storage/moonlab/strive-data/degraded/opus_32k/LA_E_3173049.wav,LA_E_3173049,LA_0019,test,opus_32k,opus@32k
g711_ulaw,bonafide,0,en,ASVspoof-corpus-terms,/media/storage/moonlab/strive-data/degraded/g711_ulaw/LA_E_3173049.wav,LA_E_3173049,LA_0019,test,g711_ulaw,g711_ulaw
narrowband_8k,bonafide,0,en,ASVspoof-corpus-terms,/media/storage/moonlab/strive-data/degraded/narrowband_8k/LA_E_3173049.wav,LA_E_3173049,LA_0019,test,narrowband_8k,narrowband
noise_10db,bonafide,0,en,ASVspoof-corpus-terms,/media/storage/moonlab/strive-data/degraded/noise_10db/LA_E_3173049.wav,LA_E_3173049,LA_0019,test,noise_10db,noise 10 dB SNR
clean,bonafide,0,en,ASVspoof-corpus-terms,/media/storage/moonlab/strive-data/degraded/clean/LA_E_4163803.wav,LA_E_4163803,LA_0010,test,clean,unmodified
opus_16k,bonafide,0,en,ASVspoof-corpus-terms,/media/storage/moonlab/strive-data/degraded/opus_16k/LA_E_4163803.wav,LA_E_4163803,LA_0010,test,opus_16k,opus@16k
opus_32k,bonafide,0,en,ASVspoof-corpus-terms,/media/storage/moonlab/strive-data/degraded/opus_32k/LA_E_4163803.wav,LA_E_4163803,LA_0010,test,opus_32k,opus@32k
g711_ulaw,bonafide,0,en,ASVspoof-corpus-terms,/media/storage/moonlab/strive-data/degraded/g711_ulaw/LA_E_4163803.wav,LA_E_4163803,LA_0010,test,g711_ulaw,g711_ulaw
narrowband_8k,bonafide,0,en,ASVspoof-corpus-terms,/media/storage/moonlab/strive-data/degraded/narrowband_8k/LA_E_4163803.wav,LA_E_4163803,LA_0010,test,narrowband_8k,narrowband
noise_10db,bonafide,0,en,ASVspoof-corpus-terms,/media/storage/moonlab/strive-data/degraded/noise_10db/LA_E_4163803.wav,LA_E_4163803,LA_0010,test,noise_10db,noise 10 dB SNR
clean,bonafide,0,en,ASVspoof-corpus-terms,/media/storage/moonlab/strive-data/degraded/clean/LA_E_7990270.wav,LA_E_7990270,LA_0008,test,clean,unmodified
opus_16k,bonafide,0,en,ASVspoof-corpus-terms,/media/storage/moonlab/strive-data/degraded/opus_16k/LA_E_7990270.wav,LA_E_7990270,LA_0008,test,opus_16k,opus@16k
opus_32k,bonafide,0,en,ASVspoof-corpus-terms,/media/storage/moonlab/strive-data/degraded/opus_32k/LA_E_7990270.wav,LA_E_7990270,LA_0008,test,opus_32k,opus@32k
g711_ulaw,bonafide,0,en,ASVspoof-corpus-terms,/media/storage/moonlab/strive-data/degraded/g711_ulaw/LA_E_7990270.wav,LA_E_7990270,LA_0008,test,g711_ulaw,g711_ulaw
narrowband_8k,bonafide,0,en,ASVspoof-corpus-terms,/media/storage/moonlab/strive-data/degraded/narrowband_8k/LA_E_7990270.wav,LA_E_7990270,LA_0008,test,narrowband_8k,narrowband
noise_10db,bonafide,0,en,ASVspoof-corpus-terms,/media/storage/moonlab/strive-data/degraded/noise_10db/LA_E_7990270.wav,LA_E_7990270,LA_0008,test,noise_10db,noise 10 dB SNR
clean,bonafide,0,en,ASVspoof-corpus-terms,/media/storage/moonlab/strive-data/degraded/clean/LA_E_6948141.wav,LA_E_6948141,LA_0010,test,clean,unmodified
opus_16k,bonafide,0,en,ASVspoof-corpus-terms,/media/storage/moonlab/strive-data/degraded/opus_16k/LA_E_6948141.wav,LA_E_6948141,LA_0010,test,opus_16k,opus@16k
opus_32k,bonafide,0,en,ASVspoof-corpus-terms,/media/storage/moonlab/strive-data/degraded/opus_32k/LA_E_6948141.wav,LA_E_6948141,LA_0010,test,opus_32k,opus@32k
g711_ulaw,bonafide,0,en,ASVspoof-corpus-terms,/media/storage/moonlab/strive-data/degraded/g711_ulaw/LA_E_6948141.wav,LA_E_6948141,LA_0010,test,g711_ulaw,g711_ulaw
narrowband_8k,bonafide,0,en,ASVspoof-corpus-terms,/media/storage/moonlab/strive-data/degraded/narrowband_8k/LA_E_6948141.wav,LA_E_6948141,LA_0010,test,narrowband_8k,narrowband
noise_10db,bonafide,0,en,ASVspoof-corpus-terms,/media/storage/moonlab/strive-data/degraded/noise_10db/LA_E_6948141.wav,LA_E_6948141,LA_0010,test,noise_10db,noise 10 dB SNR
clean,bonafide,0,en,ASVspoof-corpus-terms,/media/storage/moonlab/strive-data/degraded/clean/LA_E_9587016.wav,LA_E_9587016,LA_0066,test,clean,unmodified
opus_16k,bonafide,0,en,ASVspoof-corpus-terms,/media/storage/moonlab/strive-data/degraded/opus_16k/LA_E_9587016.wav,LA_E_9587016,LA_0066,test,opus_16k,opus@16k
opus_32k,bonafide,0,en,ASVspoof-corpus-terms,/media/storage/moonlab/strive-data/degraded/opus_32k/LA_E_9587016.wav,LA_E_9587016,LA_0066,test,opus_32k,opus@32k
g711_ulaw,bonafide,0,en,ASVspoof-corpus-terms,/media/storage/moonlab/strive-data/degraded/g711_ulaw/LA_E_9587016.wav,LA_E_9587016,LA_0066,test,g711_ulaw,g711_ulaw
narrowband_8k,bonafide,0,en,ASVspoof-corpus-terms,/media/storage/moonlab/strive-data/degraded/narrowband_8k/LA_E_9587016.wav,LA_E_9587016,LA_0066,test,narrowband_8k,narrowband
noise_10db,bonafide,0,en,ASVspoof-corpus-terms,/media/storage/moonlab/strive-data/degraded/noise_10db/LA_E_9587016.wav,LA_E_9587016,LA_0066,test,noise_10db,noise 10 dB SNR
clean,bonafide,0,en,ASVspoof-corpus-terms,/media/storage/moonlab/strive-data/degraded/clean/LA_E_8231152.wav,LA_E_8231152,LA_0041,test,clean,unmodified
opus_16k,bonafide,0,en,ASVspoof-corpus-terms,/media/storage/moonlab/strive-data/degraded/opus_16k/LA_E_8231152.wav,LA_E_8231152,LA_0041,test,opus_16k,opus@16k
opus_32k,bonafide,0,en,ASVspoof-corpus-terms,/media/storage/moonlab/strive-data/degraded/opus_32k/LA_E_8231152.wav,LA_E_8231152,LA_0041,test,opus_32k,opus@32k
g711_ulaw,bonafide,0,en,ASVspoof-corpus-terms,/media/storage/moonlab/strive-data/degraded/g711_ulaw/LA_E_8231152.wav,LA_E_8231152,LA_0041,test,g711_ulaw,g711_ulaw
narrowband_8k,bonafide,0,en,ASVspoof-corpus-terms,/media/storage/moonlab/strive-data/degraded/narrowband_8k/LA_E_8231152.wav,LA_E_8231152,LA_0041,test,narrowband_8k,narrowband
noise_10db,bonafide,0,en,ASVspoof-corpus-terms,/media/storage/moonlab/strive-data/degraded/noise_10db/LA_E_8231152.wav,LA_E_8231152,LA_0041,test,noise_10db,noise 10 dB SNR
clean,bonafide,0,en,ASVspoof-corpus-terms,/media/storage/moonlab/strive-data/degraded/clean/LA_E_9732738.wav,LA_E_9732738,LA_0014,test,clean,unmodified
opus_16k,bonafide,0,en,ASVspoof-corpus-terms,/media/storage/moonlab/strive-data/degraded/opus_16k/LA_E_9732738.wav,LA_E_9732738,LA_0014,test,opus_16k,opus@16k
opus_32k,bonafide,0,en,ASVspoof-corpus-terms,/media/storage/moonlab/strive-data/degraded/opus_32k/LA_E_9732738.wav,LA_E_9732738,LA_0014,test,opus_32k,opus@32k
g711_ulaw,bonafide,0,en,ASVspoof-corpus-terms,/media/storage/moonlab/strive-data/degraded/g711_ulaw/LA_E_9732738.wav,LA_E_9732738,LA_0014,test,g711_ulaw,g711_ulaw
narrowband_8k,bonafide,0,en,ASVspoof-corpus-terms,/media/storage/moonlab/strive-data/degraded/narrowband_8k/LA_E_9732738.wav,LA_E_9732738,LA_0014,test,narrowband_8k,narrowband
noise_10db,bonafide,0,en,ASVspoof-corpus-terms,/media/storage/moonlab/strive-data/degraded/noise_10db/LA_E_9732738.wav,LA_E_9732738,LA_0014,test,noise_10db,noise 10 dB SNR
clean,bonafide,0,en,ASVspoof-corpus-terms,/media/storage/moonlab/strive-data/degraded/clean/LA_E_5226440.wav,LA_E_5226440,LA_0016,test,clean,unmodified
opus_16k,bonafide,0,en,ASVspoof-corpus-terms,/media/storage/moonlab/strive-data/degraded/opus_16k/LA_E_5226440.wav,LA_E_5226440,LA_0016,test,opus_16k,opus@16k
opus_32k,bonafide,0,en,ASVspoof-corpus-terms,/media/storage/moonlab/strive-data/degraded/opus_32k/LA_E_5226440.wav,LA_E_5226440,LA_0016,test,opus_32k,opus@32k
g711_ulaw,bonafide,0,en,ASVspoof-corpus-terms,/media/storage/moonlab/strive-data/degraded/g711_ulaw/LA_E_5226440.wav,LA_E_5226440,LA_0016,test,g711_ulaw,g711_ulaw
narrowband_8k,bonafide,0,en,ASVspoof-corpus-terms,/media/storage/moonlab/strive-data/degraded/narrowband_8k/LA_E_5226440.wav,LA_E_5226440,LA_0016,test,narrowband_8k,narrowband
noise_10db,bonafide,0,en,ASVspoof-corpus-terms,/media/storage/moonlab/strive-data/degraded/noise_10db/LA_E_5226440.wav,LA_E_5226440,LA_0016,test,noise_10db,noise 10 dB SNR
clean,bonafide,0,en,ASVspoof-corpus-terms,/media/storage/moonlab/strive-data/degraded/clean/LA_E_6388392.wav,LA_E_6388392,LA_0019,test,clean,unmodified
opus_16k,bonafide,0,en,ASVspoof-corpus-terms,/media/storage/moonlab/strive-data/degraded/opus_16k/LA_E_6388392.wav,LA_E_6388392,LA_0019,test,opus_16k,opus@16k
opus_32k,bonafide,0,en,ASVspoof-corpus-terms,/media/storage/moonlab/strive-data/degraded/opus_32k/LA_E_6388392.wav,LA_E_6388392,LA_0019,test,opus_32k,opus@32k
g711_ulaw,bonafide,0,en,ASVspoof-corpus-terms,/media/storage/moonlab/strive-data/degraded/g711_ulaw/LA_E_6388392.wav,LA_E_6388392,LA_0019,test,g711_ulaw,g711_ulaw
narrowband_8k,bonafide,0,en,ASVspoof-corpus-terms,/media/storage/moonlab/strive-data/degraded/narrowband_8k/LA_E_6388392.wav,LA_E_6388392,LA_0019,test,narrowband_8k,narrowband
noise_10db,bonafide,0,en,ASVspoof-corpus-terms,/media/storage/moonlab/strive-data/degraded/noise_10db/LA_E_6388392.wav,LA_E_6388392,LA_0019,test,noise_10db,noise 10 dB SNR
clean,bonafide,0,en,ASVspoof-corpus-terms,/media/storage/moonlab/strive-data/degraded/clean/LA_E_9857578.wav,LA_E_9857578,LA_0058,test,clean,unmodified
opus_16k,bonafide,0,en,ASVspoof-corpus-terms,/media/storage/moonlab/strive-data/degraded/opus_16k/LA_E_9857578.wav,LA_E_9857578,LA_0058,test,opus_16k,opus@16k
opus_32k,bonafide,0,en,ASVspoof-corpus-terms,/media/storage/moonlab/strive-data/degraded/opus_32k/LA_E_9857578.wav,LA_E_9857578,LA_0058,test,opus_32k,opus@32k
g711_ulaw,bonafide,0,en,ASVspoof-corpus-terms,/media/storage/moonlab/strive-data/degraded/g711_ulaw/LA_E_9857578.wav,LA_E_9857578,LA_0058,test,g711_ulaw,g711_ulaw
narrowband_8k,bonafide,0,en,ASVspoof-corpus-terms,/media/storage/moonlab/strive-data/degraded/narrowband_8k/LA_E_9857578.wav,LA_E_9857578,LA_0058,test,narrowband_8k,narrowband
noise_10db,bonafide,0,en,ASVspoof-corpus-terms,/media/storage/moonlab/strive-data/degraded/noise_10db/LA_E_9857578.wav,LA_E_9857578,LA_0058,test,noise_10db,noise 10 dB SNR
clean,bonafide,0,en,ASVspoof-corpus-terms,/media/storage/moonlab/strive-data/degraded/clean/LA_E_7999175.wav,LA_E_7999175,LA_0024,test,clean,unmodified
opus_16k,bonafide,0,en,ASVspoof-corpus-terms,/media/storage/moonlab/strive-data/degraded/opus_16k/LA_E_7999175.wav,LA_E_7999175,LA_0024,test,opus_16k,opus@16k
opus_32k,bonafide,0,en,ASVspoof-corpus-terms,/media/storage/moonlab/strive-data/degraded/opus_32k/LA_E_7999175.wav,LA_E_7999175,LA_0024,test,opus_32k,opus@32k
g711_ulaw,bonafide,0,en,ASVspoof-corpus-terms,/media/storage/moonlab/strive-data/degraded/g711_ulaw/LA_E_7999175.wav,LA_E_7999175,LA_0024,test,g711_ulaw,g711_ulaw
narrowband_8k,bonafide,0,en,ASVspoof-corpus-terms,/media/storage/moonlab/strive-data/degraded/narrowband_8k/LA_E_7999175.wav,LA_E_7999175,LA_0024,test,narrowband_8k,narrowband
noise_10db,bonafide,0,en,ASVspoof-corpus-terms,/media/storage/moonlab/strive-data/degraded/noise_10db/LA_E_7999175.wav,LA_E_7999175,LA_0024,test,noise_10db,noise 10 dB SNR
clean,bonafide,0,en,ASVspoof-corpus-terms,/media/storage/moonlab/strive-data/degraded/clean/LA_E_6564577.wav,LA_E_6564577,LA_0042,test,clean,unmodified
opus_16k,bonafide,0,en,ASVspoof-corpus-terms,/media/storage/moonlab/strive-data/degraded/opus_16k/LA_E_6564577.wav,LA_E_6564577,LA_0042,test,opus_16k,opus@16k
opus_32k,bonafide,0,en,ASVspoof-corpus-terms,/media/storage/moonlab/strive-data/degraded/opus_32k/LA_E_6564577.wav,LA_E_6564577,LA_0042,test,opus_32k,opus@32k
g711_ulaw,bonafide,0,en,ASVspoof-corpus-terms,/media/storage/moonlab/strive-data/degraded/g711_ulaw/LA_E_6564577.wav,LA_E_6564577,LA_0042,test,g711_ulaw,g711_ulaw
narrowband_8k,bonafide,0,en,ASVspoof-corpus-terms,/media/storage/moonlab/strive-data/degraded/narrowband_8k/LA_E_6564577.wav,LA_E_6564577,LA_0042,test,narrowband_8k,narrowband
noise_10db,bonafide,0,en,ASVspoof-corpus-terms,/media/storage/moonlab/strive-data/degraded/noise_10db/LA_E_6564577.wav,LA_E_6564577,LA_0042,test,noise_10db,noise 10 dB SNR
clean,bonafide,0,en,ASVspoof-corpus-terms,/media/storage/moonlab/strive-data/degraded/clean/LA_E_5062513.wav,LA_E_5062513,LA_0065,test,clean,unmodified
opus_16k,bonafide,0,en,ASVspoof-corpus-terms,/media/storage/moonlab/strive-data/degraded/opus_16k/LA_E_5062513.wav,LA_E_5062513,LA_0065,test,opus_16k,opus@16k
opus_32k,bonafide,0,en,ASVspoof-corpus-terms,/media/storage/moonlab/strive-data/degraded/opus_32k/LA_E_5062513.wav,LA_E_5062513,LA_0065,test,opus_32k,opus@32k
g711_ulaw,bonafide,0,en,ASVspoof-corpus-terms,/media/storage/moonlab/strive-data/degraded/g711_ulaw/LA_E_5062513.wav,LA_E_5062513,LA_0065,test,g711_ulaw,g711_ulaw
narrowband_8k,bonafide,0,en,ASVspoof-corpus-terms,/media/storage/moonlab/strive-data/degraded/narrowband_8k/LA_E_5062513.wav,LA_E_5062513,LA_0065,test,narrowband_8k,narrowband
noise_10db,bonafide,0,en,ASVspoof-corpus-terms,/media/storage/moonlab/strive-data/degraded/noise_10db/LA_E_5062513.wav,LA_E_5062513,LA_0065,test,noise_10db,noise 10 dB SNR
clean,bonafide,0,en,ASVspoof-corpus-terms,/media/storage/moonlab/strive-data/degraded/clean/LA_E_3669144.wav,LA_E_3669144,LA_0008,test,clean,unmodified
opus_16k,bonafide,0,en,ASVspoof-corpus-terms,/media/storage/moonlab/strive-data/degraded/opus_16k/LA_E_3669144.wav,LA_E_3669144,LA_0008,test,opus_16k,opus@16k
opus_32k,bonafide,0,en,ASVspoof-corpus-terms,/media/storage/moonlab/strive-data/degraded/opus_32k/LA_E_3669144.wav,LA_E_3669144,LA_0008,test,opus_32k,opus@32k
g711_ulaw,bonafide,0,en,ASVspoof-corpus-terms,/media/storage/moonlab/strive-data/degraded/g711_ulaw/LA_E_3669144.wav,LA_E_3669144,LA_0008,test,g711_ulaw,g711_ulaw
narrowband_8k,bonafide,0,en,ASVspoof-corpus-terms,/media/storage/moonlab/strive-data/degraded/narrowband_8k/LA_E_3669144.wav,LA_E_3669144,LA_0008,test,narrowband_8k,narrowband
noise_10db,bonafide,0,en,ASVspoof-corpus-terms,/media/storage/moonlab/strive-data/degraded/noise_10db/LA_E_3669144.wav,LA_E_3669144,LA_0008,test,noise_10db,noise 10 dB SNR
clean,bonafide,0,en,ASVspoof-corpus-terms,/media/storage/moonlab/strive-data/degraded/clean/LA_E_2562511.wav,LA_E_2562511,LA_0061,test,clean,unmodified
opus_16k,bonafide,0,en,ASVspoof-corpus-terms,/media/storage/moonlab/strive-data/degraded/opus_16k/LA_E_2562511.wav,LA_E_2562511,LA_0061,test,opus_16k,opus@16k
opus_32k,bonafide,0,en,ASVspoof-corpus-terms,/media/storage/moonlab/strive-data/degraded/opus_32k/LA_E_2562511.wav,LA_E_2562511,LA_0061,test,opus_32k,opus@32k
g711_ulaw,bonafide,0,en,ASVspoof-corpus-terms,/media/storage/moonlab/strive-data/degraded/g711_ulaw/LA_E_2562511.wav,LA_E_2562511,LA_0061,test,g711_ulaw,g711_ulaw
narrowband_8k,bonafide,0,en,ASVspoof-corpus-terms,/media/storage/moonlab/strive-data/degraded/narrowband_8k/LA_E_2562511.wav,LA_E_2562511,LA_0061,test,narrowband_8k,narrowband
noise_10db,bonafide,0,en,ASVspoof-corpus-terms,/media/storage/moonlab/strive-data/degraded/noise_10db/LA_E_2562511.wav,LA_E_2562511,LA_0061,test,noise_10db,noise 10 dB SNR
clean,bonafide,0,en,ASVspoof-corpus-terms,/media/storage/moonlab/strive-data/degraded/clean/LA_E_2514004.wav,LA_E_2514004,LA_0019,test,clean,unmodified
opus_16k,bonafide,0,en,ASVspoof-corpus-terms,/media/storage/moonlab/strive-data/degraded/opus_16k/LA_E_2514004.wav,LA_E_2514004,LA_0019,test,opus_16k,opus@16k
opus_32k,bonafide,0,en,ASVspoof-corpus-terms,/media/storage/moonlab/strive-data/degraded/opus_32k/LA_E_2514004.wav,LA_E_2514004,LA_0019,test,opus_32k,opus@32k
g711_ulaw,bonafide,0,en,ASVspoof-corpus-terms,/media/storage/moonlab/strive-data/degraded/g711_ulaw/LA_E_2514004.wav,LA_E_2514004,LA_0019,test,g711_ulaw,g711_ulaw
narrowband_8k,bonafide,0,en,ASVspoof-corpus-terms,/media/storage/moonlab/strive-data/degraded/narrowband_8k/LA_E_2514004.wav,LA_E_2514004,LA_0019,test,narrowband_8k,narrowband
noise_10db,bonafide,0,en,ASVspoof-corpus-terms,/media/storage/moonlab/strive-data/degraded/noise_10db/LA_E_2514004.wav,LA_E_2514004,LA_0019,test,noise_10db,noise 10 dB SNR
clean,bonafide,0,en,ASVspoof-corpus-terms,/media/storage/moonlab/strive-data/degraded/clean/LA_E_8019593.wav,LA_E_8019593,LA_0016,test,clean,unmodified
opus_16k,bonafide,0,en,ASVspoof-corpus-terms,/media/storage/moonlab/strive-data/degraded/opus_16k/LA_E_8019593.wav,LA_E_8019593,LA_0016,test,opus_16k,opus@16k
opus_32k,bonafide,0,en,ASVspoof-corpus-terms,/media/storage/moonlab/strive-data/degraded/opus_32k/LA_E_8019593.wav,LA_E_8019593,LA_0016,test,opus_32k,opus@32k
g711_ulaw,bonafide,0,en,ASVspoof-corpus-terms,/media/storage/moonlab/strive-data/degraded/g711_ulaw/LA_E_8019593.wav,LA_E_8019593,LA_0016,test,g711_ulaw,g711_ulaw
narrowband_8k,bonafide,0,en,ASVspoof-corpus-terms,/media/storage/moonlab/strive-data/degraded/narrowband_8k/LA_E_8019593.wav,LA_E_8019593,LA_0016,test,narrowband_8k,narrowband
noise_10db,bonafide,0,en,ASVspoof-corpus-terms,/media/storage/moonlab/strive-data/degraded/noise_10db/LA_E_8019593.wav,LA_E_8019593,LA_0016,test,noise_10db,noise 10 dB SNR
clean,bonafide,0,en,ASVspoof-corpus-terms,/media/storage/moonlab/strive-data/degraded/clean/LA_E_5033080.wav,LA_E_5033080,LA_0031,test,clean,unmodified
opus_16k,bonafide,0,en,ASVspoof-corpus-terms,/media/storage/moonlab/strive-data/degraded/opus_16k/LA_E_5033080.wav,LA_E_5033080,LA_0031,test,opus_16k,opus@16k
opus_32k,bonafide,0,en,ASVspoof-corpus-terms,/media/storage/moonlab/strive-data/degraded/opus_32k/LA_E_5033080.wav,LA_E_5033080,LA_0031,test,opus_32k,opus@32k
g711_ulaw,bonafide,0,en,ASVspoof-corpus-terms,/media/storage/moonlab/strive-data/degraded/g711_ulaw/LA_E_5033080.wav,LA_E_5033080,LA_0031,test,g711_ulaw,g711_ulaw
narrowband_8k,bonafide,0,en,ASVspoof-corpus-terms,/media/storage/moonlab/strive-data/degraded/narrowband_8k/LA_E_5033080.wav,LA_E_5033080,LA_0031,test,narrowband_8k,narrowband
noise_10db,bonafide,0,en,ASVspoof-corpus-terms,/media/storage/moonlab/strive-data/degraded/noise_10db/LA_E_5033080.wav,LA_E_5033080,LA_0031,test,noise_10db,noise 10 dB SNR
clean,bonafide,0,en,ASVspoof-corpus-terms,/media/storage/moonlab/strive-data/degraded/clean/LA_E_6811384.wav,LA_E_6811384,LA_0012,test,clean,unmodified
opus_16k,bonafide,0,en,ASVspoof-corpus-terms,/media/storage/moonlab/strive-data/degraded/opus_16k/LA_E_6811384.wav,LA_E_6811384,LA_0012,test,opus_16k,opus@16k
opus_32k,bonafide,0,en,ASVspoof-corpus-terms,/media/storage/moonlab/strive-data/degraded/opus_32k/LA_E_6811384.wav,LA_E_6811384,LA_0012,test,opus_32k,opus@32k
g711_ulaw,bonafide,0,en,ASVspoof-corpus-terms,/media/storage/moonlab/strive-data/degraded/g711_ulaw/LA_E_6811384.wav,LA_E_6811384,LA_0012,test,g711_ulaw,g711_ulaw
narrowband_8k,bonafide,0,en,ASVspoof-corpus-terms,/media/storage/moonlab/strive-data/degraded/narrowband_8k/LA_E_6811384.wav,LA_E_6811384,LA_0012,test,narrowband_8k,narrowband
noise_10db,bonafide,0,en,ASVspoof-corpus-terms,/media/storage/moonlab/strive-data/degraded/noise_10db/LA_E_6811384.wav,LA_E_6811384,LA_0012,test,noise_10db,noise 10 dB SNR
clean,bonafide,0,en,ASVspoof-corpus-terms,/media/storage/moonlab/strive-data/degraded/clean/LA_E_4887012.wav,LA_E_4887012,LA_0016,test,clean,unmodified
opus_16k,bonafide,0,en,ASVspoof-corpus-terms,/media/storage/moonlab/strive-data/degraded/opus_16k/LA_E_4887012.wav,LA_E_4887012,LA_0016,test,opus_16k,opus@16k
opus_32k,bonafide,0,en,ASVspoof-corpus-terms,/media/storage/moonlab/strive-data/degraded/opus_32k/LA_E_4887012.wav,LA_E_4887012,LA_0016,test,opus_32k,opus@32k
g711_ulaw,bonafide,0,en,ASVspoof-corpus-terms,/media/storage/moonlab/strive-data/degraded/g711_ulaw/LA_E_4887012.wav,LA_E_4887012,LA_0016,test,g711_ulaw,g711_ulaw
narrowband_8k,bonafide,0,en,ASVspoof-corpus-terms,/media/storage/moonlab/strive-data/degraded/narrowband_8k/LA_E_4887012.wav,LA_E_4887012,LA_0016,test,narrowband_8k,narrowband
noise_10db,bonafide,0,en,ASVspoof-corpus-terms,/media/storage/moonlab/strive-data/degraded/noise_10db/LA_E_4887012.wav,LA_E_4887012,LA_0016,test,noise_10db,noise 10 dB SNR
clean,bonafide,0,en,ASVspoof-corpus-terms,/media/storage/moonlab/strive-data/degraded/clean/LA_E_1916298.wav,LA_E_1916298,LA_0036,test,clean,unmodified
opus_16k,bonafide,0,en,ASVspoof-corpus-terms,/media/storage/moonlab/strive-data/degraded/opus_16k/LA_E_1916298.wav,LA_E_1916298,LA_0036,test,opus_16k,opus@16k
opus_32k,bonafide,0,en,ASVspoof-corpus-terms,/media/storage/moonlab/strive-data/degraded/opus_32k/LA_E_1916298.wav,LA_E_1916298,LA_0036,test,opus_32k,opus@32k
g711_ulaw,bonafide,0,en,ASVspoof-corpus-terms,/media/storage/moonlab/strive-data/degraded/g711_ulaw/LA_E_1916298.wav,LA_E_1916298,LA_0036,test,g711_ulaw,g711_ulaw
narrowband_8k,bonafide,0,en,ASVspoof-corpus-terms,/media/storage/moonlab/strive-data/degraded/narrowband_8k/LA_E_1916298.wav,LA_E_1916298,LA_0036,test,narrowband_8k,narrowband
noise_10db,bonafide,0,en,ASVspoof-corpus-terms,/media/storage/moonlab/strive-data/degraded/noise_10db/LA_E_1916298.wav,LA_E_1916298,LA_0036,test,noise_10db,noise 10 dB SNR
clean,bonafide,0,en,ASVspoof-corpus-terms,/media/storage/moonlab/strive-data/degraded/clean/LA_E_2250745.wav,LA_E_2250745,LA_0014,test,clean,unmodified
opus_16k,bonafide,0,en,ASVspoof-corpus-terms,/media/storage/moonlab/strive-data/degraded/opus_16k/LA_E_2250745.wav,LA_E_2250745,LA_0014,test,opus_16k,opus@16k
opus_32k,bonafide,0,en,ASVspoof-corpus-terms,/media/storage/moonlab/strive-data/degraded/opus_32k/LA_E_2250745.wav,LA_E_2250745,LA_0014,test,opus_32k,opus@32k
g711_ulaw,bonafide,0,en,ASVspoof-corpus-terms,/media/storage/moonlab/strive-data/degraded/g711_ulaw/LA_E_2250745.wav,LA_E_2250745,LA_0014,test,g711_ulaw,g711_ulaw
narrowband_8k,bonafide,0,en,ASVspoof-corpus-terms,/media/storage/moonlab/strive-data/degraded/narrowband_8k/LA_E_2250745.wav,LA_E_2250745,LA_0014,test,narrowband_8k,narrowband
noise_10db,bonafide,0,en,ASVspoof-corpus-terms,/media/storage/moonlab/strive-data/degraded/noise_10db/LA_E_2250745.wav,LA_E_2250745,LA_0014,test,noise_10db,noise 10 dB SNR
clean,bonafide,0,en,ASVspoof-corpus-terms,/media/storage/moonlab/strive-data/degraded/clean/LA_E_6259225.wav,LA_E_6259225,LA_0034,test,clean,unmodified
opus_16k,bonafide,0,en,ASVspoof-corpus-terms,/media/storage/moonlab/strive-data/degraded/opus_16k/LA_E_6259225.wav,LA_E_6259225,LA_0034,test,opus_16k,opus@16k
opus_32k,bonafide,0,en,ASVspoof-corpus-terms,/media/storage/moonlab/strive-data/degraded/opus_32k/LA_E_6259225.wav,LA_E_6259225,LA_0034,test,opus_32k,opus@32k
g711_ulaw,bonafide,0,en,ASVspoof-corpus-terms,/media/storage/moonlab/strive-data/degraded/g711_ulaw/LA_E_6259225.wav,LA_E_6259225,LA_0034,test,g711_ulaw,g711_ulaw
narrowband_8k,bonafide,0,en,ASVspoof-corpus-terms,/media/storage/moonlab/strive-data/degraded/narrowband_8k/LA_E_6259225.wav,LA_E_6259225,LA_0034,test,narrowband_8k,narrowband
noise_10db,bonafide,0,en,ASVspoof-corpus-terms,/media/storage/moonlab/strive-data/degraded/noise_10db/LA_E_6259225.wav,LA_E_6259225,LA_0034,test,noise_10db,noise 10 dB SNR
clean,bonafide,0,en,ASVspoof-corpus-terms,/media/storage/moonlab/strive-data/degraded/clean/LA_E_9415862.wav,LA_E_9415862,LA_0014,test,clean,unmodified
opus_16k,bonafide,0,en,ASVspoof-corpus-terms,/media/storage/moonlab/strive-data/degraded/opus_16k/LA_E_9415862.wav,LA_E_9415862,LA_0014,test,opus_16k,opus@16k
opus_32k,bonafide,0,en,ASVspoof-corpus-terms,/media/storage/moonlab/strive-data/degraded/opus_32k/LA_E_9415862.wav,LA_E_9415862,LA_0014,test,opus_32k,opus@32k
g711_ulaw,bonafide,0,en,ASVspoof-corpus-terms,/media/storage/moonlab/strive-data/degraded/g711_ulaw/LA_E_9415862.wav,LA_E_9415862,LA_0014,test,g711_ulaw,g711_ulaw
narrowband_8k,bonafide,0,en,ASVspoof-corpus-terms,/media/storage/moonlab/strive-data/degraded/narrowband_8k/LA_E_9415862.wav,LA_E_9415862,LA_0014,test,narrowband_8k,narrowband
noise_10db,bonafide,0,en,ASVspoof-corpus-terms,/media/storage/moonlab/strive-data/degraded/noise_10db/LA_E_9415862.wav,LA_E_9415862,LA_0014,test,noise_10db,noise 10 dB SNR
clean,bonafide,0,en,ASVspoof-corpus-terms,/media/storage/moonlab/strive-data/degraded/clean/LA_E_3791948.wav,LA_E_3791948,LA_0017,test,clean,unmodified
opus_16k,bonafide,0,en,ASVspoof-corpus-terms,/media/storage/moonlab/strive-data/degraded/opus_16k/LA_E_3791948.wav,LA_E_3791948,LA_0017,test,opus_16k,opus@16k
opus_32k,bonafide,0,en,ASVspoof-corpus-terms,/media/storage/moonlab/strive-data/degraded/opus_32k/LA_E_3791948.wav,LA_E_3791948,LA_0017,test,opus_32k,opus@32k
g711_ulaw,bonafide,0,en,ASVspoof-corpus-terms,/media/storage/moonlab/strive-data/degraded/g711_ulaw/LA_E_3791948.wav,LA_E_3791948,LA_0017,test,g711_ulaw,g711_ulaw
narrowband_8k,bonafide,0,en,ASVspoof-corpus-terms,/media/storage/moonlab/strive-data/degraded/narrowband_8k/LA_E_3791948.wav,LA_E_3791948,LA_0017,test,narrowband_8k,narrowband
noise_10db,bonafide,0,en,ASVspoof-corpus-terms,/media/storage/moonlab/strive-data/degraded/noise_10db/LA_E_3791948.wav,LA_E_3791948,LA_0017,test,noise_10db,noise 10 dB SNR
clean,bonafide,0,en,ASVspoof-corpus-terms,/media/storage/moonlab/strive-data/degraded/clean/LA_E_2251526.wav,LA_E_2251526,LA_0020,test,clean,unmodified
opus_16k,bonafide,0,en,ASVspoof-corpus-terms,/media/storage/moonlab/strive-data/degraded/opus_16k/LA_E_2251526.wav,LA_E_2251526,LA_0020,test,opus_16k,opus@16k
opus_32k,bonafide,0,en,ASVspoof-corpus-terms,/media/storage/moonlab/strive-data/degraded/opus_32k/LA_E_2251526.wav,LA_E_2251526,LA_0020,test,opus_32k,opus@32k
g711_ulaw,bonafide,0,en,ASVspoof-corpus-terms,/media/storage/moonlab/strive-data/degraded/g711_ulaw/LA_E_2251526.wav,LA_E_2251526,LA_0020,test,g711_ulaw,g711_ulaw
narrowband_8k,bonafide,0,en,ASVspoof-corpus-terms,/media/storage/moonlab/strive-data/degraded/narrowband_8k/LA_E_2251526.wav,LA_E_2251526,LA_0020,test,narrowband_8k,narrowband
noise_10db,bonafide,0,en,ASVspoof-corpus-terms,/media/storage/moonlab/strive-data/degraded/noise_10db/LA_E_2251526.wav,LA_E_2251526,LA_0020,test,noise_10db,noise 10 dB SNR
clean,bonafide,0,en,ASVspoof-corpus-terms,/media/storage/moonlab/strive-data/degraded/clean/LA_E_9941644.wav,LA_E_9941644,LA_0043,test,clean,unmodified
opus_16k,bonafide,0,en,ASVspoof-corpus-terms,/media/storage/moonlab/strive-data/degraded/opus_16k/LA_E_9941644.wav,LA_E_9941644,LA_0043,test,opus_16k,opus@16k
opus_32k,bonafide,0,en,ASVspoof-corpus-terms,/media/storage/moonlab/strive-data/degraded/opus_32k/LA_E_9941644.wav,LA_E_9941644,LA_0043,test,opus_32k,opus@32k
g711_ulaw,bonafide,0,en,ASVspoof-corpus-terms,/media/storage/moonlab/strive-data/degraded/g711_ulaw/LA_E_9941644.wav,LA_E_9941644,LA_0043,test,g711_ulaw,g711_ulaw
narrowband_8k,bonafide,0,en,ASVspoof-corpus-terms,/media/storage/moonlab/strive-data/degraded/narrowband_8k/LA_E_9941644.wav,LA_E_9941644,LA_0043,test,narrowband_8k,narrowband
noise_10db,bonafide,0,en,ASVspoof-corpus-terms,/media/storage/moonlab/strive-data/degraded/noise_10db/LA_E_9941644.wav,LA_E_9941644,LA_0043,test,noise_10db,noise 10 dB SNR
clean,bonafide,0,en,ASVspoof-corpus-terms,/media/storage/moonlab/strive-data/degraded/clean/LA_E_7253858.wav,LA_E_7253858,LA_0039,test,clean,unmodified
opus_16k,bonafide,0,en,ASVspoof-corpus-terms,/media/storage/moonlab/strive-data/degraded/opus_16k/LA_E_7253858.wav,LA_E_7253858,LA_0039,test,opus_16k,opus@16k
opus_32k,bonafide,0,en,ASVspoof-corpus-terms,/media/storage/moonlab/strive-data/degraded/opus_32k/LA_E_7253858.wav,LA_E_7253858,LA_0039,test,opus_32k,opus@32k
g711_ulaw,bonafide,0,en,ASVspoof-corpus-terms,/media/storage/moonlab/strive-data/degraded/g711_ulaw/LA_E_7253858.wav,LA_E_7253858,LA_0039,test,g711_ulaw,g711_ulaw
narrowband_8k,bonafide,0,en,ASVspoof-corpus-terms,/media/storage/moonlab/strive-data/degraded/narrowband_8k/LA_E_7253858.wav,LA_E_7253858,LA_0039,test,narrowband_8k,narrowband
noise_10db,bonafide,0,en,ASVspoof-corpus-terms,/media/storage/moonlab/strive-data/degraded/noise_10db/LA_E_7253858.wav,LA_E_7253858,LA_0039,test,noise_10db,noise 10 dB SNR
clean,bonafide,0,en,ASVspoof-corpus-terms,/media/storage/moonlab/strive-data/degraded/clean/LA_E_6862434.wav,LA_E_6862434,LA_0023,test,clean,unmodified
opus_16k,bonafide,0,en,ASVspoof-corpus-terms,/media/storage/moonlab/strive-data/degraded/opus_16k/LA_E_6862434.wav,LA_E_6862434,LA_0023,test,opus_16k,opus@16k
opus_32k,bonafide,0,en,ASVspoof-corpus-terms,/media/storage/moonlab/strive-data/degraded/opus_32k/LA_E_6862434.wav,LA_E_6862434,LA_0023,test,opus_32k,opus@32k
g711_ulaw,bonafide,0,en,ASVspoof-corpus-terms,/media/storage/moonlab/strive-data/degraded/g711_ulaw/LA_E_6862434.wav,LA_E_6862434,LA_0023,test,g711_ulaw,g711_ulaw
narrowband_8k,bonafide,0,en,ASVspoof-corpus-terms,/media/storage/moonlab/strive-data/degraded/narrowband_8k/LA_E_6862434.wav,LA_E_6862434,LA_0023,test,narrowband_8k,narrowband
noise_10db,bonafide,0,en,ASVspoof-corpus-terms,/media/storage/moonlab/strive-data/degraded/noise_10db/LA_E_6862434.wav,LA_E_6862434,LA_0023,test,noise_10db,noise 10 dB SNR
clean,bonafide,0,en,ASVspoof-corpus-terms,/media/storage/moonlab/strive-data/degraded/clean/LA_E_7200211.wav,LA_E_7200211,LA_0042,test,clean,unmodified
opus_16k,bonafide,0,en,ASVspoof-corpus-terms,/media/storage/moonlab/strive-data/degraded/opus_16k/LA_E_7200211.wav,LA_E_7200211,LA_0042,test,opus_16k,opus@16k
opus_32k,bonafide,0,en,ASVspoof-corpus-terms,/media/storage/moonlab/strive-data/degraded/opus_32k/LA_E_7200211.wav,LA_E_7200211,LA_0042,test,opus_32k,opus@32k
g711_ulaw,bonafide,0,en,ASVspoof-corpus-terms,/media/storage/moonlab/strive-data/degraded/g711_ulaw/LA_E_7200211.wav,LA_E_7200211,LA_0042,test,g711_ulaw,g711_ulaw
narrowband_8k,bonafide,0,en,ASVspoof-corpus-terms,/media/storage/moonlab/strive-data/degraded/narrowband_8k/LA_E_7200211.wav,LA_E_7200211,LA_0042,test,narrowband_8k,narrowband
noise_10db,bonafide,0,en,ASVspoof-corpus-terms,/media/storage/moonlab/strive-data/degraded/noise_10db/LA_E_7200211.wav,LA_E_7200211,LA_0042,test,noise_10db,noise 10 dB SNR
clean,bonafide,0,en,ASVspoof-corpus-terms,/media/storage/moonlab/strive-data/degraded/clean/LA_E_3924689.wav,LA_E_3924689,LA_0051,test,clean,unmodified
opus_16k,bonafide,0,en,ASVspoof-corpus-terms,/media/storage/moonlab/strive-data/degraded/opus_16k/LA_E_3924689.wav,LA_E_3924689,LA_0051,test,opus_16k,opus@16k
opus_32k,bonafide,0,en,ASVspoof-corpus-terms,/media/storage/moonlab/strive-data/degraded/opus_32k/LA_E_3924689.wav,LA_E_3924689,LA_0051,test,opus_32k,opus@32k
g711_ulaw,bonafide,0,en,ASVspoof-corpus-terms,/media/storage/moonlab/strive-data/degraded/g711_ulaw/LA_E_3924689.wav,LA_E_3924689,LA_0051,test,g711_ulaw,g711_ulaw
narrowband_8k,bonafide,0,en,ASVspoof-corpus-terms,/media/storage/moonlab/strive-data/degraded/narrowband_8k/LA_E_3924689.wav,LA_E_3924689,LA_0051,test,narrowband_8k,narrowband
noise_10db,bonafide,0,en,ASVspoof-corpus-terms,/media/storage/moonlab/strive-data/degraded/noise_10db/LA_E_3924689.wav,LA_E_3924689,LA_0051,test,noise_10db,noise 10 dB SNR
clean,bonafide,0,en,ASVspoof-corpus-terms,/media/storage/moonlab/strive-data/degraded/clean/LA_E_3721488.wav,LA_E_3721488,LA_0012,test,clean,unmodified
opus_16k,bonafide,0,en,ASVspoof-corpus-terms,/media/storage/moonlab/strive-data/degraded/opus_16k/LA_E_3721488.wav,LA_E_3721488,LA_0012,test,opus_16k,opus@16k
opus_32k,bonafide,0,en,ASVspoof-corpus-terms,/media/storage/moonlab/strive-data/degraded/opus_32k/LA_E_3721488.wav,LA_E_3721488,LA_0012,test,opus_32k,opus@32k
g711_ulaw,bonafide,0,en,ASVspoof-corpus-terms,/media/storage/moonlab/strive-data/degraded/g711_ulaw/LA_E_3721488.wav,LA_E_3721488,LA_0012,test,g711_ulaw,g711_ulaw
narrowband_8k,bonafide,0,en,ASVspoof-corpus-terms,/media/storage/moonlab/strive-data/degraded/narrowband_8k/LA_E_3721488.wav,LA_E_3721488,LA_0012,test,narrowband_8k,narrowband
noise_10db,bonafide,0,en,ASVspoof-corpus-terms,/media/storage/moonlab/strive-data/degraded/noise_10db/LA_E_3721488.wav,LA_E_3721488,LA_0012,test,noise_10db,noise 10 dB SNR
clean,bonafide,0,en,ASVspoof-corpus-terms,/media/storage/moonlab/strive-data/degraded/clean/LA_E_5369873.wav,LA_E_5369873,LA_0012,test,clean,unmodified
opus_16k,bonafide,0,en,ASVspoof-corpus-terms,/media/storage/moonlab/strive-data/degraded/opus_16k/LA_E_5369873.wav,LA_E_5369873,LA_0012,test,opus_16k,opus@16k
opus_32k,bonafide,0,en,ASVspoof-corpus-terms,/media/storage/moonlab/strive-data/degraded/opus_32k/LA_E_5369873.wav,LA_E_5369873,LA_0012,test,opus_32k,opus@32k
g711_ulaw,bonafide,0,en,ASVspoof-corpus-terms,/media/storage/moonlab/strive-data/degraded/g711_ulaw/LA_E_5369873.wav,LA_E_5369873,LA_0012,test,g711_ulaw,g711_ulaw
narrowband_8k,bonafide,0,en,ASVspoof-corpus-terms,/media/storage/moonlab/strive-data/degraded/narrowband_8k/LA_E_5369873.wav,LA_E_5369873,LA_0012,test,narrowband_8k,narrowband
noise_10db,bonafide,0,en,ASVspoof-corpus-terms,/media/storage/moonlab/strive-data/degraded/noise_10db/LA_E_5369873.wav,LA_E_5369873,LA_0012,test,noise_10db,noise 10 dB SNR
clean,bonafide,0,en,ASVspoof-corpus-terms,/media/storage/moonlab/strive-data/degraded/clean/LA_E_7359455.wav,LA_E_7359455,LA_0013,test,clean,unmodified
opus_16k,bonafide,0,en,ASVspoof-corpus-terms,/media/storage/moonlab/strive-data/degraded/opus_16k/LA_E_7359455.wav,LA_E_7359455,LA_0013,test,opus_16k,opus@16k
opus_32k,bonafide,0,en,ASVspoof-corpus-terms,/media/storage/moonlab/strive-data/degraded/opus_32k/LA_E_7359455.wav,LA_E_7359455,LA_0013,test,opus_32k,opus@32k
g711_ulaw,bonafide,0,en,ASVspoof-corpus-terms,/media/storage/moonlab/strive-data/degraded/g711_ulaw/LA_E_7359455.wav,LA_E_7359455,LA_0013,test,g711_ulaw,g711_ulaw
narrowband_8k,bonafide,0,en,ASVspoof-corpus-terms,/media/storage/moonlab/strive-data/degraded/narrowband_8k/LA_E_7359455.wav,LA_E_7359455,LA_0013,test,narrowband_8k,narrowband
noise_10db,bonafide,0,en,ASVspoof-corpus-terms,/media/storage/moonlab/strive-data/degraded/noise_10db/LA_E_7359455.wav,LA_E_7359455,LA_0013,test,noise_10db,noise 10 dB SNR
clean,bonafide,0,en,ASVspoof-corpus-terms,/media/storage/moonlab/strive-data/degraded/clean/LA_E_3200530.wav,LA_E_3200530,LA_0035,test,clean,unmodified
opus_16k,bonafide,0,en,ASVspoof-corpus-terms,/media/storage/moonlab/strive-data/degraded/opus_16k/LA_E_3200530.wav,LA_E_3200530,LA_0035,test,opus_16k,opus@16k
opus_32k,bonafide,0,en,ASVspoof-corpus-terms,/media/storage/moonlab/strive-data/degraded/opus_32k/LA_E_3200530.wav,LA_E_3200530,LA_0035,test,opus_32k,opus@32k
g711_ulaw,bonafide,0,en,ASVspoof-corpus-terms,/media/storage/moonlab/strive-data/degraded/g711_ulaw/LA_E_3200530.wav,LA_E_3200530,LA_0035,test,g711_ulaw,g711_ulaw
narrowband_8k,bonafide,0,en,ASVspoof-corpus-terms,/media/storage/moonlab/strive-data/degraded/narrowband_8k/LA_E_3200530.wav,LA_E_3200530,LA_0035,test,narrowband_8k,narrowband
noise_10db,bonafide,0,en,ASVspoof-corpus-terms,/media/storage/moonlab/strive-data/degraded/noise_10db/LA_E_3200530.wav,LA_E_3200530,LA_0035,test,noise_10db,noise 10 dB SNR
clean,bonafide,0,en,ASVspoof-corpus-terms,/media/storage/moonlab/strive-data/degraded/clean/LA_E_4458230.wav,LA_E_4458230,LA_0010,test,clean,unmodified
opus_16k,bonafide,0,en,ASVspoof-corpus-terms,/media/storage/moonlab/strive-data/degraded/opus_16k/LA_E_4458230.wav,LA_E_4458230,LA_0010,test,opus_16k,opus@16k
opus_32k,bonafide,0,en,ASVspoof-corpus-terms,/media/storage/moonlab/strive-data/degraded/opus_32k/LA_E_4458230.wav,LA_E_4458230,LA_0010,test,opus_32k,opus@32k
g711_ulaw,bonafide,0,en,ASVspoof-corpus-terms,/media/storage/moonlab/strive-data/degraded/g711_ulaw/LA_E_4458230.wav,LA_E_4458230,LA_0010,test,g711_ulaw,g711_ulaw
narrowband_8k,bonafide,0,en,ASVspoof-corpus-terms,/media/storage/moonlab/strive-data/degraded/narrowband_8k/LA_E_4458230.wav,LA_E_4458230,LA_0010,test,narrowband_8k,narrowband
noise_10db,bonafide,0,en,ASVspoof-corpus-terms,/media/storage/moonlab/strive-data/degraded/noise_10db/LA_E_4458230.wav,LA_E_4458230,LA_0010,test,noise_10db,noise 10 dB SNR
clean,bonafide,0,en,ASVspoof-corpus-terms,/media/storage/moonlab/strive-data/degraded/clean/LA_E_8691227.wav,LA_E_8691227,LA_0032,test,clean,unmodified
opus_16k,bonafide,0,en,ASVspoof-corpus-terms,/media/storage/moonlab/strive-data/degraded/opus_16k/LA_E_8691227.wav,LA_E_8691227,LA_0032,test,opus_16k,opus@16k
opus_32k,bonafide,0,en,ASVspoof-corpus-terms,/media/storage/moonlab/strive-data/degraded/opus_32k/LA_E_8691227.wav,LA_E_8691227,LA_0032,test,opus_32k,opus@32k
g711_ulaw,bonafide,0,en,ASVspoof-corpus-terms,/media/storage/moonlab/strive-data/degraded/g711_ulaw/LA_E_8691227.wav,LA_E_8691227,LA_0032,test,g711_ulaw,g711_ulaw
narrowband_8k,bonafide,0,en,ASVspoof-corpus-terms,/media/storage/moonlab/strive-data/degraded/narrowband_8k/LA_E_8691227.wav,LA_E_8691227,LA_0032,test,narrowband_8k,narrowband
noise_10db,bonafide,0,en,ASVspoof-corpus-terms,/media/storage/moonlab/strive-data/degraded/noise_10db/LA_E_8691227.wav,LA_E_8691227,LA_0032,test,noise_10db,noise 10 dB SNR
clean,bonafide,0,en,ASVspoof-corpus-terms,/media/storage/moonlab/strive-data/degraded/clean/LA_E_2221290.wav,LA_E_2221290,LA_0042,test,clean,unmodified
opus_16k,bonafide,0,en,ASVspoof-corpus-terms,/media/storage/moonlab/strive-data/degraded/opus_16k/LA_E_2221290.wav,LA_E_2221290,LA_0042,test,opus_16k,opus@16k
opus_32k,bonafide,0,en,ASVspoof-corpus-terms,/media/storage/moonlab/strive-data/degraded/opus_32k/LA_E_2221290.wav,LA_E_2221290,LA_0042,test,opus_32k,opus@32k
g711_ulaw,bonafide,0,en,ASVspoof-corpus-terms,/media/storage/moonlab/strive-data/degraded/g711_ulaw/LA_E_2221290.wav,LA_E_2221290,LA_0042,test,g711_ulaw,g711_ulaw
narrowband_8k,bonafide,0,en,ASVspoof-corpus-terms,/media/storage/moonlab/strive-data/degraded/narrowband_8k/LA_E_2221290.wav,LA_E_2221290,LA_0042,test,narrowband_8k,narrowband
noise_10db,bonafide,0,en,ASVspoof-corpus-terms,/media/storage/moonlab/strive-data/degraded/noise_10db/LA_E_2221290.wav,LA_E_2221290,LA_0042,test,noise_10db,noise 10 dB SNR
clean,bonafide,0,en,ASVspoof-corpus-terms,/media/storage/moonlab/strive-data/degraded/clean/LA_E_3372021.wav,LA_E_3372021,LA_0014,test,clean,unmodified
opus_16k,bonafide,0,en,ASVspoof-corpus-terms,/media/storage/moonlab/strive-data/degraded/opus_16k/LA_E_3372021.wav,LA_E_3372021,LA_0014,test,opus_16k,opus@16k
opus_32k,bonafide,0,en,ASVspoof-corpus-terms,/media/storage/moonlab/strive-data/degraded/opus_32k/LA_E_3372021.wav,LA_E_3372021,LA_0014,test,opus_32k,opus@32k
g711_ulaw,bonafide,0,en,ASVspoof-corpus-terms,/media/storage/moonlab/strive-data/degraded/g711_ulaw/LA_E_3372021.wav,LA_E_3372021,LA_0014,test,g711_ulaw,g711_ulaw
narrowband_8k,bonafide,0,en,ASVspoof-corpus-terms,/media/storage/moonlab/strive-data/degraded/narrowband_8k/LA_E_3372021.wav,LA_E_3372021,LA_0014,test,narrowband_8k,narrowband
noise_10db,bonafide,0,en,ASVspoof-corpus-terms,/media/storage/moonlab/strive-data/degraded/noise_10db/LA_E_3372021.wav,LA_E_3372021,LA_0014,test,noise_10db,noise 10 dB SNR
clean,bonafide,0,en,ASVspoof-corpus-terms,/media/storage/moonlab/strive-data/degraded/clean/LA_E_3987562.wav,LA_E_3987562,LA_0043,test,clean,unmodified
opus_16k,bonafide,0,en,ASVspoof-corpus-terms,/media/storage/moonlab/strive-data/degraded/opus_16k/LA_E_3987562.wav,LA_E_3987562,LA_0043,test,opus_16k,opus@16k
opus_32k,bonafide,0,en,ASVspoof-corpus-terms,/media/storage/moonlab/strive-data/degraded/opus_32k/LA_E_3987562.wav,LA_E_3987562,LA_0043,test,opus_32k,opus@32k
g711_ulaw,bonafide,0,en,ASVspoof-corpus-terms,/media/storage/moonlab/strive-data/degraded/g711_ulaw/LA_E_3987562.wav,LA_E_3987562,LA_0043,test,g711_ulaw,g711_ulaw
narrowband_8k,bonafide,0,en,ASVspoof-corpus-terms,/media/storage/moonlab/strive-data/degraded/narrowband_8k/LA_E_3987562.wav,LA_E_3987562,LA_0043,test,narrowband_8k,narrowband
noise_10db,bonafide,0,en,ASVspoof-corpus-terms,/media/storage/moonlab/strive-data/degraded/noise_10db/LA_E_3987562.wav,LA_E_3987562,LA_0043,test,noise_10db,noise 10 dB SNR
clean,bonafide,0,en,ASVspoof-corpus-terms,/media/storage/moonlab/strive-data/degraded/clean/LA_E_7738934.wav,LA_E_7738934,LA_0026,test,clean,unmodified
opus_16k,bonafide,0,en,ASVspoof-corpus-terms,/media/storage/moonlab/strive-data/degraded/opus_16k/LA_E_7738934.wav,LA_E_7738934,LA_0026,test,opus_16k,opus@16k
opus_32k,bonafide,0,en,ASVspoof-corpus-terms,/media/storage/moonlab/strive-data/degraded/opus_32k/LA_E_7738934.wav,LA_E_7738934,LA_0026,test,opus_32k,opus@32k
g711_ulaw,bonafide,0,en,ASVspoof-corpus-terms,/media/storage/moonlab/strive-data/degraded/g711_ulaw/LA_E_7738934.wav,LA_E_7738934,LA_0026,test,g711_ulaw,g711_ulaw
narrowband_8k,bonafide,0,en,ASVspoof-corpus-terms,/media/storage/moonlab/strive-data/degraded/narrowband_8k/LA_E_7738934.wav,LA_E_7738934,LA_0026,test,narrowband_8k,narrowband
noise_10db,bonafide,0,en,ASVspoof-corpus-terms,/media/storage/moonlab/strive-data/degraded/noise_10db/LA_E_7738934.wav,LA_E_7738934,LA_0026,test,noise_10db,noise 10 dB SNR
clean,bonafide,0,en,ASVspoof-corpus-terms,/media/storage/moonlab/strive-data/degraded/clean/LA_E_7171505.wav,LA_E_7171505,LA_0009,test,clean,unmodified
opus_16k,bonafide,0,en,ASVspoof-corpus-terms,/media/storage/moonlab/strive-data/degraded/opus_16k/LA_E_7171505.wav,LA_E_7171505,LA_0009,test,opus_16k,opus@16k
opus_32k,bonafide,0,en,ASVspoof-corpus-terms,/media/storage/moonlab/strive-data/degraded/opus_32k/LA_E_7171505.wav,LA_E_7171505,LA_0009,test,opus_32k,opus@32k
g711_ulaw,bonafide,0,en,ASVspoof-corpus-terms,/media/storage/moonlab/strive-data/degraded/g711_ulaw/LA_E_7171505.wav,LA_E_7171505,LA_0009,test,g711_ulaw,g711_ulaw
narrowband_8k,bonafide,0,en,ASVspoof-corpus-terms,/media/storage/moonlab/strive-data/degraded/narrowband_8k/LA_E_7171505.wav,LA_E_7171505,LA_0009,test,narrowband_8k,narrowband
noise_10db,bonafide,0,en,ASVspoof-corpus-terms,/media/storage/moonlab/strive-data/degraded/noise_10db/LA_E_7171505.wav,LA_E_7171505,LA_0009,test,noise_10db,noise 10 dB SNR
clean,bonafide,0,en,ASVspoof-corpus-terms,/media/storage/moonlab/strive-data/degraded/clean/LA_E_3467949.wav,LA_E_3467949,LA_0045,test,clean,unmodified
opus_16k,bonafide,0,en,ASVspoof-corpus-terms,/media/storage/moonlab/strive-data/degraded/opus_16k/LA_E_3467949.wav,LA_E_3467949,LA_0045,test,opus_16k,opus@16k
opus_32k,bonafide,0,en,ASVspoof-corpus-terms,/media/storage/moonlab/strive-data/degraded/opus_32k/LA_E_3467949.wav,LA_E_3467949,LA_0045,test,opus_32k,opus@32k
g711_ulaw,bonafide,0,en,ASVspoof-corpus-terms,/media/storage/moonlab/strive-data/degraded/g711_ulaw/LA_E_3467949.wav,LA_E_3467949,LA_0045,test,g711_ulaw,g711_ulaw
narrowband_8k,bonafide,0,en,ASVspoof-corpus-terms,/media/storage/moonlab/strive-data/degraded/narrowband_8k/LA_E_3467949.wav,LA_E_3467949,LA_0045,test,narrowband_8k,narrowband
noise_10db,bonafide,0,en,ASVspoof-corpus-terms,/media/storage/moonlab/strive-data/degraded/noise_10db/LA_E_3467949.wav,LA_E_3467949,LA_0045,test,noise_10db,noise 10 dB SNR
clean,bonafide,0,en,ASVspoof-corpus-terms,/media/storage/moonlab/strive-data/degraded/clean/LA_E_9365630.wav,LA_E_9365630,LA_0003,test,clean,unmodified
opus_16k,bonafide,0,en,ASVspoof-corpus-terms,/media/storage/moonlab/strive-data/degraded/opus_16k/LA_E_9365630.wav,LA_E_9365630,LA_0003,test,opus_16k,opus@16k
opus_32k,bonafide,0,en,ASVspoof-corpus-terms,/media/storage/moonlab/strive-data/degraded/opus_32k/LA_E_9365630.wav,LA_E_9365630,LA_0003,test,opus_32k,opus@32k
g711_ulaw,bonafide,0,en,ASVspoof-corpus-terms,/media/storage/moonlab/strive-data/degraded/g711_ulaw/LA_E_9365630.wav,LA_E_9365630,LA_0003,test,g711_ulaw,g711_ulaw
narrowband_8k,bonafide,0,en,ASVspoof-corpus-terms,/media/storage/moonlab/strive-data/degraded/narrowband_8k/LA_E_9365630.wav,LA_E_9365630,LA_0003,test,narrowband_8k,narrowband
noise_10db,bonafide,0,en,ASVspoof-corpus-terms,/media/storage/moonlab/strive-data/degraded/noise_10db/LA_E_9365630.wav,LA_E_9365630,LA_0003,test,noise_10db,noise 10 dB SNR
clean,bonafide,0,en,ASVspoof-corpus-terms,/media/storage/moonlab/strive-data/degraded/clean/LA_E_4992880.wav,LA_E_4992880,LA_0007,test,clean,unmodified
opus_16k,bonafide,0,en,ASVspoof-corpus-terms,/media/storage/moonlab/strive-data/degraded/opus_16k/LA_E_4992880.wav,LA_E_4992880,LA_0007,test,opus_16k,opus@16k
opus_32k,bonafide,0,en,ASVspoof-corpus-terms,/media/storage/moonlab/strive-data/degraded/opus_32k/LA_E_4992880.wav,LA_E_4992880,LA_0007,test,opus_32k,opus@32k
g711_ulaw,bonafide,0,en,ASVspoof-corpus-terms,/media/storage/moonlab/strive-data/degraded/g711_ulaw/LA_E_4992880.wav,LA_E_4992880,LA_0007,test,g711_ulaw,g711_ulaw
narrowband_8k,bonafide,0,en,ASVspoof-corpus-terms,/media/storage/moonlab/strive-data/degraded/narrowband_8k/LA_E_4992880.wav,LA_E_4992880,LA_0007,test,narrowband_8k,narrowband
noise_10db,bonafide,0,en,ASVspoof-corpus-terms,/media/storage/moonlab/strive-data/degraded/noise_10db/LA_E_4992880.wav,LA_E_4992880,LA_0007,test,noise_10db,noise 10 dB SNR
clean,bonafide,0,en,ASVspoof-corpus-terms,/media/storage/moonlab/strive-data/degraded/clean/LA_E_4200126.wav,LA_E_4200126,LA_0009,test,clean,unmodified
opus_16k,bonafide,0,en,ASVspoof-corpus-terms,/media/storage/moonlab/strive-data/degraded/opus_16k/LA_E_4200126.wav,LA_E_4200126,LA_0009,test,opus_16k,opus@16k
opus_32k,bonafide,0,en,ASVspoof-corpus-terms,/media/storage/moonlab/strive-data/degraded/opus_32k/LA_E_4200126.wav,LA_E_4200126,LA_0009,test,opus_32k,opus@32k
g711_ulaw,bonafide,0,en,ASVspoof-corpus-terms,/media/storage/moonlab/strive-data/degraded/g711_ulaw/LA_E_4200126.wav,LA_E_4200126,LA_0009,test,g711_ulaw,g711_ulaw
narrowband_8k,bonafide,0,en,ASVspoof-corpus-terms,/media/storage/moonlab/strive-data/degraded/narrowband_8k/LA_E_4200126.wav,LA_E_4200126,LA_0009,test,narrowband_8k,narrowband
noise_10db,bonafide,0,en,ASVspoof-corpus-terms,/media/storage/moonlab/strive-data/degraded/noise_10db/LA_E_4200126.wav,LA_E_4200126,LA_0009,test,noise_10db,noise 10 dB SNR
clean,bonafide,0,en,ASVspoof-corpus-terms,/media/storage/moonlab/strive-data/degraded/clean/LA_E_9910728.wav,LA_E_9910728,LA_0042,test,clean,unmodified
opus_16k,bonafide,0,en,ASVspoof-corpus-terms,/media/storage/moonlab/strive-data/degraded/opus_16k/LA_E_9910728.wav,LA_E_9910728,LA_0042,test,opus_16k,opus@16k
opus_32k,bonafide,0,en,ASVspoof-corpus-terms,/media/storage/moonlab/strive-data/degraded/opus_32k/LA_E_9910728.wav,LA_E_9910728,LA_0042,test,opus_32k,opus@32k
g711_ulaw,bonafide,0,en,ASVspoof-corpus-terms,/media/storage/moonlab/strive-data/degraded/g711_ulaw/LA_E_9910728.wav,LA_E_9910728,LA_0042,test,g711_ulaw,g711_ulaw
narrowband_8k,bonafide,0,en,ASVspoof-corpus-terms,/media/storage/moonlab/strive-data/degraded/narrowband_8k/LA_E_9910728.wav,LA_E_9910728,LA_0042,test,narrowband_8k,narrowband
noise_10db,bonafide,0,en,ASVspoof-corpus-terms,/media/storage/moonlab/strive-data/degraded/noise_10db/LA_E_9910728.wav,LA_E_9910728,LA_0042,test,noise_10db,noise 10 dB SNR
clean,bonafide,0,en,ASVspoof-corpus-terms,/media/storage/moonlab/strive-data/degraded/clean/LA_E_4708521.wav,LA_E_4708521,LA_0014,test,clean,unmodified
opus_16k,bonafide,0,en,ASVspoof-corpus-terms,/media/storage/moonlab/strive-data/degraded/opus_16k/LA_E_4708521.wav,LA_E_4708521,LA_0014,test,opus_16k,opus@16k
opus_32k,bonafide,0,en,ASVspoof-corpus-terms,/media/storage/moonlab/strive-data/degraded/opus_32k/LA_E_4708521.wav,LA_E_4708521,LA_0014,test,opus_32k,opus@32k
g711_ulaw,bonafide,0,en,ASVspoof-corpus-terms,/media/storage/moonlab/strive-data/degraded/g711_ulaw/LA_E_4708521.wav,LA_E_4708521,LA_0014,test,g711_ulaw,g711_ulaw
narrowband_8k,bonafide,0,en,ASVspoof-corpus-terms,/media/storage/moonlab/strive-data/degraded/narrowband_8k/LA_E_4708521.wav,LA_E_4708521,LA_0014,test,narrowband_8k,narrowband
noise_10db,bonafide,0,en,ASVspoof-corpus-terms,/media/storage/moonlab/strive-data/degraded/noise_10db/LA_E_4708521.wav,LA_E_4708521,LA_0014,test,noise_10db,noise 10 dB SNR
clean,bonafide,0,en,ASVspoof-corpus-terms,/media/storage/moonlab/strive-data/degraded/clean/LA_E_1952883.wav,LA_E_1952883,LA_0031,test,clean,unmodified
opus_16k,bonafide,0,en,ASVspoof-corpus-terms,/media/storage/moonlab/strive-data/degraded/opus_16k/LA_E_1952883.wav,LA_E_1952883,LA_0031,test,opus_16k,opus@16k
opus_32k,bonafide,0,en,ASVspoof-corpus-terms,/media/storage/moonlab/strive-data/degraded/opus_32k/LA_E_1952883.wav,LA_E_1952883,LA_0031,test,opus_32k,opus@32k
g711_ulaw,bonafide,0,en,ASVspoof-corpus-terms,/media/storage/moonlab/strive-data/degraded/g711_ulaw/LA_E_1952883.wav,LA_E_1952883,LA_0031,test,g711_ulaw,g711_ulaw
narrowband_8k,bonafide,0,en,ASVspoof-corpus-terms,/media/storage/moonlab/strive-data/degraded/narrowband_8k/LA_E_1952883.wav,LA_E_1952883,LA_0031,test,narrowband_8k,narrowband
noise_10db,bonafide,0,en,ASVspoof-corpus-terms,/media/storage/moonlab/strive-data/degraded/noise_10db/LA_E_1952883.wav,LA_E_1952883,LA_0031,test,noise_10db,noise 10 dB SNR
clean,bonafide,0,en,ASVspoof-corpus-terms,/media/storage/moonlab/strive-data/degraded/clean/LA_E_2711527.wav,LA_E_2711527,LA_0039,test,clean,unmodified
opus_16k,bonafide,0,en,ASVspoof-corpus-terms,/media/storage/moonlab/strive-data/degraded/opus_16k/LA_E_2711527.wav,LA_E_2711527,LA_0039,test,opus_16k,opus@16k
opus_32k,bonafide,0,en,ASVspoof-corpus-terms,/media/storage/moonlab/strive-data/degraded/opus_32k/LA_E_2711527.wav,LA_E_2711527,LA_0039,test,opus_32k,opus@32k
g711_ulaw,bonafide,0,en,ASVspoof-corpus-terms,/media/storage/moonlab/strive-data/degraded/g711_ulaw/LA_E_2711527.wav,LA_E_2711527,LA_0039,test,g711_ulaw,g711_ulaw
narrowband_8k,bonafide,0,en,ASVspoof-corpus-terms,/media/storage/moonlab/strive-data/degraded/narrowband_8k/LA_E_2711527.wav,LA_E_2711527,LA_0039,test,narrowband_8k,narrowband
noise_10db,bonafide,0,en,ASVspoof-corpus-terms,/media/storage/moonlab/strive-data/degraded/noise_10db/LA_E_2711527.wav,LA_E_2711527,LA_0039,test,noise_10db,noise 10 dB SNR
clean,bonafide,0,en,ASVspoof-corpus-terms,/media/storage/moonlab/strive-data/degraded/clean/LA_E_1709137.wav,LA_E_1709137,LA_0027,test,clean,unmodified
opus_16k,bonafide,0,en,ASVspoof-corpus-terms,/media/storage/moonlab/strive-data/degraded/opus_16k/LA_E_1709137.wav,LA_E_1709137,LA_0027,test,opus_16k,opus@16k
opus_32k,bonafide,0,en,ASVspoof-corpus-terms,/media/storage/moonlab/strive-data/degraded/opus_32k/LA_E_1709137.wav,LA_E_1709137,LA_0027,test,opus_32k,opus@32k
g711_ulaw,bonafide,0,en,ASVspoof-corpus-terms,/media/storage/moonlab/strive-data/degraded/g711_ulaw/LA_E_1709137.wav,LA_E_1709137,LA_0027,test,g711_ulaw,g711_ulaw
narrowband_8k,bonafide,0,en,ASVspoof-corpus-terms,/media/storage/moonlab/strive-data/degraded/narrowband_8k/LA_E_1709137.wav,LA_E_1709137,LA_0027,test,narrowband_8k,narrowband
noise_10db,bonafide,0,en,ASVspoof-corpus-terms,/media/storage/moonlab/strive-data/degraded/noise_10db/LA_E_1709137.wav,LA_E_1709137,LA_0027,test,noise_10db,noise 10 dB SNR
clean,bonafide,0,en,ASVspoof-corpus-terms,/media/storage/moonlab/strive-data/degraded/clean/LA_E_5255661.wav,LA_E_5255661,LA_0034,test,clean,unmodified
opus_16k,bonafide,0,en,ASVspoof-corpus-terms,/media/storage/moonlab/strive-data/degraded/opus_16k/LA_E_5255661.wav,LA_E_5255661,LA_0034,test,opus_16k,opus@16k
opus_32k,bonafide,0,en,ASVspoof-corpus-terms,/media/storage/moonlab/strive-data/degraded/opus_32k/LA_E_5255661.wav,LA_E_5255661,LA_0034,test,opus_32k,opus@32k
g711_ulaw,bonafide,0,en,ASVspoof-corpus-terms,/media/storage/moonlab/strive-data/degraded/g711_ulaw/LA_E_5255661.wav,LA_E_5255661,LA_0034,test,g711_ulaw,g711_ulaw
narrowband_8k,bonafide,0,en,ASVspoof-corpus-terms,/media/storage/moonlab/strive-data/degraded/narrowband_8k/LA_E_5255661.wav,LA_E_5255661,LA_0034,test,narrowband_8k,narrowband
noise_10db,bonafide,0,en,ASVspoof-corpus-terms,/media/storage/moonlab/strive-data/degraded/noise_10db/LA_E_5255661.wav,LA_E_5255661,LA_0034,test,noise_10db,noise 10 dB SNR
clean,bonafide,0,en,ASVspoof-corpus-terms,/media/storage/moonlab/strive-data/degraded/clean/LA_E_6552331.wav,LA_E_6552331,LA_0027,test,clean,unmodified
opus_16k,bonafide,0,en,ASVspoof-corpus-terms,/media/storage/moonlab/strive-data/degraded/opus_16k/LA_E_6552331.wav,LA_E_6552331,LA_0027,test,opus_16k,opus@16k
opus_32k,bonafide,0,en,ASVspoof-corpus-terms,/media/storage/moonlab/strive-data/degraded/opus_32k/LA_E_6552331.wav,LA_E_6552331,LA_0027,test,opus_32k,opus@32k
g711_ulaw,bonafide,0,en,ASVspoof-corpus-terms,/media/storage/moonlab/strive-data/degraded/g711_ulaw/LA_E_6552331.wav,LA_E_6552331,LA_0027,test,g711_ulaw,g711_ulaw
narrowband_8k,bonafide,0,en,ASVspoof-corpus-terms,/media/storage/moonlab/strive-data/degraded/narrowband_8k/LA_E_6552331.wav,LA_E_6552331,LA_0027,test,narrowband_8k,narrowband
noise_10db,bonafide,0,en,ASVspoof-corpus-terms,/media/storage/moonlab/strive-data/degraded/noise_10db/LA_E_6552331.wav,LA_E_6552331,LA_0027,test,noise_10db,noise 10 dB SNR
clean,bonafide,0,en,ASVspoof-corpus-terms,/media/storage/moonlab/strive-data/degraded/clean/LA_E_5080272.wav,LA_E_5080272,LA_0026,test,clean,unmodified
opus_16k,bonafide,0,en,ASVspoof-corpus-terms,/media/storage/moonlab/strive-data/degraded/opus_16k/LA_E_5080272.wav,LA_E_5080272,LA_0026,test,opus_16k,opus@16k
opus_32k,bonafide,0,en,ASVspoof-corpus-terms,/media/storage/moonlab/strive-data/degraded/opus_32k/LA_E_5080272.wav,LA_E_5080272,LA_0026,test,opus_32k,opus@32k
g711_ulaw,bonafide,0,en,ASVspoof-corpus-terms,/media/storage/moonlab/strive-data/degraded/g711_ulaw/LA_E_5080272.wav,LA_E_5080272,LA_0026,test,g711_ulaw,g711_ulaw
narrowband_8k,bonafide,0,en,ASVspoof-corpus-terms,/media/storage/moonlab/strive-data/degraded/narrowband_8k/LA_E_5080272.wav,LA_E_5080272,LA_0026,test,narrowband_8k,narrowband
noise_10db,bonafide,0,en,ASVspoof-corpus-terms,/media/storage/moonlab/strive-data/degraded/noise_10db/LA_E_5080272.wav,LA_E_5080272,LA_0026,test,noise_10db,noise 10 dB SNR
clean,bonafide,0,en,ASVspoof-corpus-terms,/media/storage/moonlab/strive-data/degraded/clean/LA_E_9375708.wav,LA_E_9375708,LA_0006,test,clean,unmodified
opus_16k,bonafide,0,en,ASVspoof-corpus-terms,/media/storage/moonlab/strive-data/degraded/opus_16k/LA_E_9375708.wav,LA_E_9375708,LA_0006,test,opus_16k,opus@16k
opus_32k,bonafide,0,en,ASVspoof-corpus-terms,/media/storage/moonlab/strive-data/degraded/opus_32k/LA_E_9375708.wav,LA_E_9375708,LA_0006,test,opus_32k,opus@32k
g711_ulaw,bonafide,0,en,ASVspoof-corpus-terms,/media/storage/moonlab/strive-data/degraded/g711_ulaw/LA_E_9375708.wav,LA_E_9375708,LA_0006,test,g711_ulaw,g711_ulaw
narrowband_8k,bonafide,0,en,ASVspoof-corpus-terms,/media/storage/moonlab/strive-data/degraded/narrowband_8k/LA_E_9375708.wav,LA_E_9375708,LA_0006,test,narrowband_8k,narrowband
noise_10db,bonafide,0,en,ASVspoof-corpus-terms,/media/storage/moonlab/strive-data/degraded/noise_10db/LA_E_9375708.wav,LA_E_9375708,LA_0006,test,noise_10db,noise 10 dB SNR
clean,bonafide,0,en,ASVspoof-corpus-terms,/media/storage/moonlab/strive-data/degraded/clean/LA_E_2529902.wav,LA_E_2529902,LA_0025,test,clean,unmodified
opus_16k,bonafide,0,en,ASVspoof-corpus-terms,/media/storage/moonlab/strive-data/degraded/opus_16k/LA_E_2529902.wav,LA_E_2529902,LA_0025,test,opus_16k,opus@16k
opus_32k,bonafide,0,en,ASVspoof-corpus-terms,/media/storage/moonlab/strive-data/degraded/opus_32k/LA_E_2529902.wav,LA_E_2529902,LA_0025,test,opus_32k,opus@32k
g711_ulaw,bonafide,0,en,ASVspoof-corpus-terms,/media/storage/moonlab/strive-data/degraded/g711_ulaw/LA_E_2529902.wav,LA_E_2529902,LA_0025,test,g711_ulaw,g711_ulaw
narrowband_8k,bonafide,0,en,ASVspoof-corpus-terms,/media/storage/moonlab/strive-data/degraded/narrowband_8k/LA_E_2529902.wav,LA_E_2529902,LA_0025,test,narrowband_8k,narrowband
noise_10db,bonafide,0,en,ASVspoof-corpus-terms,/media/storage/moonlab/strive-data/degraded/noise_10db/LA_E_2529902.wav,LA_E_2529902,LA_0025,test,noise_10db,noise 10 dB SNR
clean,bonafide,0,en,ASVspoof-corpus-terms,/media/storage/moonlab/strive-data/degraded/clean/LA_E_9352847.wav,LA_E_9352847,LA_0029,test,clean,unmodified
opus_16k,bonafide,0,en,ASVspoof-corpus-terms,/media/storage/moonlab/strive-data/degraded/opus_16k/LA_E_9352847.wav,LA_E_9352847,LA_0029,test,opus_16k,opus@16k
opus_32k,bonafide,0,en,ASVspoof-corpus-terms,/media/storage/moonlab/strive-data/degraded/opus_32k/LA_E_9352847.wav,LA_E_9352847,LA_0029,test,opus_32k,opus@32k
g711_ulaw,bonafide,0,en,ASVspoof-corpus-terms,/media/storage/moonlab/strive-data/degraded/g711_ulaw/LA_E_9352847.wav,LA_E_9352847,LA_0029,test,g711_ulaw,g711_ulaw
narrowband_8k,bonafide,0,en,ASVspoof-corpus-terms,/media/storage/moonlab/strive-data/degraded/narrowband_8k/LA_E_9352847.wav,LA_E_9352847,LA_0029,test,narrowband_8k,narrowband
noise_10db,bonafide,0,en,ASVspoof-corpus-terms,/media/storage/moonlab/strive-data/degraded/noise_10db/LA_E_9352847.wav,LA_E_9352847,LA_0029,test,noise_10db,noise 10 dB SNR
clean,bonafide,0,en,ASVspoof-corpus-terms,/media/storage/moonlab/strive-data/degraded/clean/LA_E_1284209.wav,LA_E_1284209,LA_0025,test,clean,unmodified
opus_16k,bonafide,0,en,ASVspoof-corpus-terms,/media/storage/moonlab/strive-data/degraded/opus_16k/LA_E_1284209.wav,LA_E_1284209,LA_0025,test,opus_16k,opus@16k
opus_32k,bonafide,0,en,ASVspoof-corpus-terms,/media/storage/moonlab/strive-data/degraded/opus_32k/LA_E_1284209.wav,LA_E_1284209,LA_0025,test,opus_32k,opus@32k
g711_ulaw,bonafide,0,en,ASVspoof-corpus-terms,/media/storage/moonlab/strive-data/degraded/g711_ulaw/LA_E_1284209.wav,LA_E_1284209,LA_0025,test,g711_ulaw,g711_ulaw
narrowband_8k,bonafide,0,en,ASVspoof-corpus-terms,/media/storage/moonlab/strive-data/degraded/narrowband_8k/LA_E_1284209.wav,LA_E_1284209,LA_0025,test,narrowband_8k,narrowband
noise_10db,bonafide,0,en,ASVspoof-corpus-terms,/media/storage/moonlab/strive-data/degraded/noise_10db/LA_E_1284209.wav,LA_E_1284209,LA_0025,test,noise_10db,noise 10 dB SNR
clean,bonafide,0,en,ASVspoof-corpus-terms,/media/storage/moonlab/strive-data/degraded/clean/LA_E_5154555.wav,LA_E_5154555,LA_0012,test,clean,unmodified
opus_16k,bonafide,0,en,ASVspoof-corpus-terms,/media/storage/moonlab/strive-data/degraded/opus_16k/LA_E_5154555.wav,LA_E_5154555,LA_0012,test,opus_16k,opus@16k
opus_32k,bonafide,0,en,ASVspoof-corpus-terms,/media/storage/moonlab/strive-data/degraded/opus_32k/LA_E_5154555.wav,LA_E_5154555,LA_0012,test,opus_32k,opus@32k
g711_ulaw,bonafide,0,en,ASVspoof-corpus-terms,/media/storage/moonlab/strive-data/degraded/g711_ulaw/LA_E_5154555.wav,LA_E_5154555,LA_0012,test,g711_ulaw,g711_ulaw
narrowband_8k,bonafide,0,en,ASVspoof-corpus-terms,/media/storage/moonlab/strive-data/degraded/narrowband_8k/LA_E_5154555.wav,LA_E_5154555,LA_0012,test,narrowband_8k,narrowband
noise_10db,bonafide,0,en,ASVspoof-corpus-terms,/media/storage/moonlab/strive-data/degraded/noise_10db/LA_E_5154555.wav,LA_E_5154555,LA_0012,test,noise_10db,noise 10 dB SNR
clean,bonafide,0,en,ASVspoof-corpus-terms,/media/storage/moonlab/strive-data/degraded/clean/LA_E_4839707.wav,LA_E_4839707,LA_0037,test,clean,unmodified
opus_16k,bonafide,0,en,ASVspoof-corpus-terms,/media/storage/moonlab/strive-data/degraded/opus_16k/LA_E_4839707.wav,LA_E_4839707,LA_0037,test,opus_16k,opus@16k
opus_32k,bonafide,0,en,ASVspoof-corpus-terms,/media/storage/moonlab/strive-data/degraded/opus_32k/LA_E_4839707.wav,LA_E_4839707,LA_0037,test,opus_32k,opus@32k
g711_ulaw,bonafide,0,en,ASVspoof-corpus-terms,/media/storage/moonlab/strive-data/degraded/g711_ulaw/LA_E_4839707.wav,LA_E_4839707,LA_0037,test,g711_ulaw,g711_ulaw
narrowband_8k,bonafide,0,en,ASVspoof-corpus-terms,/media/storage/moonlab/strive-data/degraded/narrowband_8k/LA_E_4839707.wav,LA_E_4839707,LA_0037,test,narrowband_8k,narrowband
noise_10db,bonafide,0,en,ASVspoof-corpus-terms,/media/storage/moonlab/strive-data/degraded/noise_10db/LA_E_4839707.wav,LA_E_4839707,LA_0037,test,noise_10db,noise 10 dB SNR
clean,bonafide,0,en,ASVspoof-corpus-terms,/media/storage/moonlab/strive-data/degraded/clean/LA_E_1568968.wav,LA_E_1568968,LA_0016,test,clean,unmodified
opus_16k,bonafide,0,en,ASVspoof-corpus-terms,/media/storage/moonlab/strive-data/degraded/opus_16k/LA_E_1568968.wav,LA_E_1568968,LA_0016,test,opus_16k,opus@16k
opus_32k,bonafide,0,en,ASVspoof-corpus-terms,/media/storage/moonlab/strive-data/degraded/opus_32k/LA_E_1568968.wav,LA_E_1568968,LA_0016,test,opus_32k,opus@32k
g711_ulaw,bonafide,0,en,ASVspoof-corpus-terms,/media/storage/moonlab/strive-data/degraded/g711_ulaw/LA_E_1568968.wav,LA_E_1568968,LA_0016,test,g711_ulaw,g711_ulaw
narrowband_8k,bonafide,0,en,ASVspoof-corpus-terms,/media/storage/moonlab/strive-data/degraded/narrowband_8k/LA_E_1568968.wav,LA_E_1568968,LA_0016,test,narrowband_8k,narrowband
noise_10db,bonafide,0,en,ASVspoof-corpus-terms,/media/storage/moonlab/strive-data/degraded/noise_10db/LA_E_1568968.wav,LA_E_1568968,LA_0016,test,noise_10db,noise 10 dB SNR
clean,bonafide,0,en,ASVspoof-corpus-terms,/media/storage/moonlab/strive-data/degraded/clean/LA_E_5878191.wav,LA_E_5878191,LA_0020,test,clean,unmodified
opus_16k,bonafide,0,en,ASVspoof-corpus-terms,/media/storage/moonlab/strive-data/degraded/opus_16k/LA_E_5878191.wav,LA_E_5878191,LA_0020,test,opus_16k,opus@16k
opus_32k,bonafide,0,en,ASVspoof-corpus-terms,/media/storage/moonlab/strive-data/degraded/opus_32k/LA_E_5878191.wav,LA_E_5878191,LA_0020,test,opus_32k,opus@32k
g711_ulaw,bonafide,0,en,ASVspoof-corpus-terms,/media/storage/moonlab/strive-data/degraded/g711_ulaw/LA_E_5878191.wav,LA_E_5878191,LA_0020,test,g711_ulaw,g711_ulaw
narrowband_8k,bonafide,0,en,ASVspoof-corpus-terms,/media/storage/moonlab/strive-data/degraded/narrowband_8k/LA_E_5878191.wav,LA_E_5878191,LA_0020,test,narrowband_8k,narrowband
noise_10db,bonafide,0,en,ASVspoof-corpus-terms,/media/storage/moonlab/strive-data/degraded/noise_10db/LA_E_5878191.wav,LA_E_5878191,LA_0020,test,noise_10db,noise 10 dB SNR
clean,bonafide,0,en,ASVspoof-corpus-terms,/media/storage/moonlab/strive-data/degraded/clean/LA_E_5948118.wav,LA_E_5948118,LA_0011,test,clean,unmodified
opus_16k,bonafide,0,en,ASVspoof-corpus-terms,/media/storage/moonlab/strive-data/degraded/opus_16k/LA_E_5948118.wav,LA_E_5948118,LA_0011,test,opus_16k,opus@16k
opus_32k,bonafide,0,en,ASVspoof-corpus-terms,/media/storage/moonlab/strive-data/degraded/opus_32k/LA_E_5948118.wav,LA_E_5948118,LA_0011,test,opus_32k,opus@32k
g711_ulaw,bonafide,0,en,ASVspoof-corpus-terms,/media/storage/moonlab/strive-data/degraded/g711_ulaw/LA_E_5948118.wav,LA_E_5948118,LA_0011,test,g711_ulaw,g711_ulaw
narrowband_8k,bonafide,0,en,ASVspoof-corpus-terms,/media/storage/moonlab/strive-data/degraded/narrowband_8k/LA_E_5948118.wav,LA_E_5948118,LA_0011,test,narrowband_8k,narrowband
noise_10db,bonafide,0,en,ASVspoof-corpus-terms,/media/storage/moonlab/strive-data/degraded/noise_10db/LA_E_5948118.wav,LA_E_5948118,LA_0011,test,noise_10db,noise 10 dB SNR
clean,bonafide,0,en,ASVspoof-corpus-terms,/media/storage/moonlab/strive-data/degraded/clean/LA_E_1360258.wav,LA_E_1360258,LA_0012,test,clean,unmodified
opus_16k,bonafide,0,en,ASVspoof-corpus-terms,/media/storage/moonlab/strive-data/degraded/opus_16k/LA_E_1360258.wav,LA_E_1360258,LA_0012,test,opus_16k,opus@16k
opus_32k,bonafide,0,en,ASVspoof-corpus-terms,/media/storage/moonlab/strive-data/degraded/opus_32k/LA_E_1360258.wav,LA_E_1360258,LA_0012,test,opus_32k,opus@32k
g711_ulaw,bonafide,0,en,ASVspoof-corpus-terms,/media/storage/moonlab/strive-data/degraded/g711_ulaw/LA_E_1360258.wav,LA_E_1360258,LA_0012,test,g711_ulaw,g711_ulaw
narrowband_8k,bonafide,0,en,ASVspoof-corpus-terms,/media/storage/moonlab/strive-data/degraded/narrowband_8k/LA_E_1360258.wav,LA_E_1360258,LA_0012,test,narrowband_8k,narrowband
noise_10db,bonafide,0,en,ASVspoof-corpus-terms,/media/storage/moonlab/strive-data/degraded/noise_10db/LA_E_1360258.wav,LA_E_1360258,LA_0012,test,noise_10db,noise 10 dB SNR
clean,bonafide,0,en,ASVspoof-corpus-terms,/media/storage/moonlab/strive-data/degraded/clean/LA_E_4158525.wav,LA_E_4158525,LA_0004,test,clean,unmodified
opus_16k,bonafide,0,en,ASVspoof-corpus-terms,/media/storage/moonlab/strive-data/degraded/opus_16k/LA_E_4158525.wav,LA_E_4158525,LA_0004,test,opus_16k,opus@16k
opus_32k,bonafide,0,en,ASVspoof-corpus-terms,/media/storage/moonlab/strive-data/degraded/opus_32k/LA_E_4158525.wav,LA_E_4158525,LA_0004,test,opus_32k,opus@32k
g711_ulaw,bonafide,0,en,ASVspoof-corpus-terms,/media/storage/moonlab/strive-data/degraded/g711_ulaw/LA_E_4158525.wav,LA_E_4158525,LA_0004,test,g711_ulaw,g711_ulaw
narrowband_8k,bonafide,0,en,ASVspoof-corpus-terms,/media/storage/moonlab/strive-data/degraded/narrowband_8k/LA_E_4158525.wav,LA_E_4158525,LA_0004,test,narrowband_8k,narrowband
noise_10db,bonafide,0,en,ASVspoof-corpus-terms,/media/storage/moonlab/strive-data/degraded/noise_10db/LA_E_4158525.wav,LA_E_4158525,LA_0004,test,noise_10db,noise 10 dB SNR
clean,bonafide,0,en,ASVspoof-corpus-terms,/media/storage/moonlab/strive-data/degraded/clean/LA_E_5191078.wav,LA_E_5191078,LA_0054,test,clean,unmodified
opus_16k,bonafide,0,en,ASVspoof-corpus-terms,/media/storage/moonlab/strive-data/degraded/opus_16k/LA_E_5191078.wav,LA_E_5191078,LA_0054,test,opus_16k,opus@16k
opus_32k,bonafide,0,en,ASVspoof-corpus-terms,/media/storage/moonlab/strive-data/degraded/opus_32k/LA_E_5191078.wav,LA_E_5191078,LA_0054,test,opus_32k,opus@32k
g711_ulaw,bonafide,0,en,ASVspoof-corpus-terms,/media/storage/moonlab/strive-data/degraded/g711_ulaw/LA_E_5191078.wav,LA_E_5191078,LA_0054,test,g711_ulaw,g711_ulaw
narrowband_8k,bonafide,0,en,ASVspoof-corpus-terms,/media/storage/moonlab/strive-data/degraded/narrowband_8k/LA_E_5191078.wav,LA_E_5191078,LA_0054,test,narrowband_8k,narrowband
noise_10db,bonafide,0,en,ASVspoof-corpus-terms,/media/storage/moonlab/strive-data/degraded/noise_10db/LA_E_5191078.wav,LA_E_5191078,LA_0054,test,noise_10db,noise 10 dB SNR
clean,bonafide,0,en,ASVspoof-corpus-terms,/media/storage/moonlab/strive-data/degraded/clean/LA_E_8410685.wav,LA_E_8410685,LA_0051,test,clean,unmodified
opus_16k,bonafide,0,en,ASVspoof-corpus-terms,/media/storage/moonlab/strive-data/degraded/opus_16k/LA_E_8410685.wav,LA_E_8410685,LA_0051,test,opus_16k,opus@16k
opus_32k,bonafide,0,en,ASVspoof-corpus-terms,/media/storage/moonlab/strive-data/degraded/opus_32k/LA_E_8410685.wav,LA_E_8410685,LA_0051,test,opus_32k,opus@32k
g711_ulaw,bonafide,0,en,ASVspoof-corpus-terms,/media/storage/moonlab/strive-data/degraded/g711_ulaw/LA_E_8410685.wav,LA_E_8410685,LA_0051,test,g711_ulaw,g711_ulaw
narrowband_8k,bonafide,0,en,ASVspoof-corpus-terms,/media/storage/moonlab/strive-data/degraded/narrowband_8k/LA_E_8410685.wav,LA_E_8410685,LA_0051,test,narrowband_8k,narrowband
noise_10db,bonafide,0,en,ASVspoof-corpus-terms,/media/storage/moonlab/strive-data/degraded/noise_10db/LA_E_8410685.wav,LA_E_8410685,LA_0051,test,noise_10db,noise 10 dB SNR
clean,bonafide,0,en,ASVspoof-corpus-terms,/media/storage/moonlab/strive-data/degraded/clean/LA_E_4333311.wav,LA_E_4333311,LA_0063,test,clean,unmodified
opus_16k,bonafide,0,en,ASVspoof-corpus-terms,/media/storage/moonlab/strive-data/degraded/opus_16k/LA_E_4333311.wav,LA_E_4333311,LA_0063,test,opus_16k,opus@16k
opus_32k,bonafide,0,en,ASVspoof-corpus-terms,/media/storage/moonlab/strive-data/degraded/opus_32k/LA_E_4333311.wav,LA_E_4333311,LA_0063,test,opus_32k,opus@32k
g711_ulaw,bonafide,0,en,ASVspoof-corpus-terms,/media/storage/moonlab/strive-data/degraded/g711_ulaw/LA_E_4333311.wav,LA_E_4333311,LA_0063,test,g711_ulaw,g711_ulaw
narrowband_8k,bonafide,0,en,ASVspoof-corpus-terms,/media/storage/moonlab/strive-data/degraded/narrowband_8k/LA_E_4333311.wav,LA_E_4333311,LA_0063,test,narrowband_8k,narrowband
noise_10db,bonafide,0,en,ASVspoof-corpus-terms,/media/storage/moonlab/strive-data/degraded/noise_10db/LA_E_4333311.wav,LA_E_4333311,LA_0063,test,noise_10db,noise 10 dB SNR
clean,bonafide,0,en,ASVspoof-corpus-terms,/media/storage/moonlab/strive-data/degraded/clean/LA_E_5168060.wav,LA_E_5168060,LA_0008,test,clean,unmodified
opus_16k,bonafide,0,en,ASVspoof-corpus-terms,/media/storage/moonlab/strive-data/degraded/opus_16k/LA_E_5168060.wav,LA_E_5168060,LA_0008,test,opus_16k,opus@16k
opus_32k,bonafide,0,en,ASVspoof-corpus-terms,/media/storage/moonlab/strive-data/degraded/opus_32k/LA_E_5168060.wav,LA_E_5168060,LA_0008,test,opus_32k,opus@32k
g711_ulaw,bonafide,0,en,ASVspoof-corpus-terms,/media/storage/moonlab/strive-data/degraded/g711_ulaw/LA_E_5168060.wav,LA_E_5168060,LA_0008,test,g711_ulaw,g711_ulaw
narrowband_8k,bonafide,0,en,ASVspoof-corpus-terms,/media/storage/moonlab/strive-data/degraded/narrowband_8k/LA_E_5168060.wav,LA_E_5168060,LA_0008,test,narrowband_8k,narrowband
noise_10db,bonafide,0,en,ASVspoof-corpus-terms,/media/storage/moonlab/strive-data/degraded/noise_10db/LA_E_5168060.wav,LA_E_5168060,LA_0008,test,noise_10db,noise 10 dB SNR
clean,bonafide,0,en,ASVspoof-corpus-terms,/media/storage/moonlab/strive-data/degraded/clean/LA_E_9640136.wav,LA_E_9640136,LA_0064,test,clean,unmodified
opus_16k,bonafide,0,en,ASVspoof-corpus-terms,/media/storage/moonlab/strive-data/degraded/opus_16k/LA_E_9640136.wav,LA_E_9640136,LA_0064,test,opus_16k,opus@16k
opus_32k,bonafide,0,en,ASVspoof-corpus-terms,/media/storage/moonlab/strive-data/degraded/opus_32k/LA_E_9640136.wav,LA_E_9640136,LA_0064,test,opus_32k,opus@32k
g711_ulaw,bonafide,0,en,ASVspoof-corpus-terms,/media/storage/moonlab/strive-data/degraded/g711_ulaw/LA_E_9640136.wav,LA_E_9640136,LA_0064,test,g711_ulaw,g711_ulaw
narrowband_8k,bonafide,0,en,ASVspoof-corpus-terms,/media/storage/moonlab/strive-data/degraded/narrowband_8k/LA_E_9640136.wav,LA_E_9640136,LA_0064,test,narrowband_8k,narrowband
noise_10db,bonafide,0,en,ASVspoof-corpus-terms,/media/storage/moonlab/strive-data/degraded/noise_10db/LA_E_9640136.wav,LA_E_9640136,LA_0064,test,noise_10db,noise 10 dB SNR
clean,bonafide,0,en,ASVspoof-corpus-terms,/media/storage/moonlab/strive-data/degraded/clean/LA_E_4376749.wav,LA_E_4376749,LA_0067,test,clean,unmodified
opus_16k,bonafide,0,en,ASVspoof-corpus-terms,/media/storage/moonlab/strive-data/degraded/opus_16k/LA_E_4376749.wav,LA_E_4376749,LA_0067,test,opus_16k,opus@16k
opus_32k,bonafide,0,en,ASVspoof-corpus-terms,/media/storage/moonlab/strive-data/degraded/opus_32k/LA_E_4376749.wav,LA_E_4376749,LA_0067,test,opus_32k,opus@32k
g711_ulaw,bonafide,0,en,ASVspoof-corpus-terms,/media/storage/moonlab/strive-data/degraded/g711_ulaw/LA_E_4376749.wav,LA_E_4376749,LA_0067,test,g711_ulaw,g711_ulaw
narrowband_8k,bonafide,0,en,ASVspoof-corpus-terms,/media/storage/moonlab/strive-data/degraded/narrowband_8k/LA_E_4376749.wav,LA_E_4376749,LA_0067,test,narrowband_8k,narrowband
noise_10db,bonafide,0,en,ASVspoof-corpus-terms,/media/storage/moonlab/strive-data/degraded/noise_10db/LA_E_4376749.wav,LA_E_4376749,LA_0067,test,noise_10db,noise 10 dB SNR
clean,bonafide,0,en,ASVspoof-corpus-terms,/media/storage/moonlab/strive-data/degraded/clean/LA_E_7413625.wav,LA_E_7413625,LA_0009,test,clean,unmodified
opus_16k,bonafide,0,en,ASVspoof-corpus-terms,/media/storage/moonlab/strive-data/degraded/opus_16k/LA_E_7413625.wav,LA_E_7413625,LA_0009,test,opus_16k,opus@16k
opus_32k,bonafide,0,en,ASVspoof-corpus-terms,/media/storage/moonlab/strive-data/degraded/opus_32k/LA_E_7413625.wav,LA_E_7413625,LA_0009,test,opus_32k,opus@32k
g711_ulaw,bonafide,0,en,ASVspoof-corpus-terms,/media/storage/moonlab/strive-data/degraded/g711_ulaw/LA_E_7413625.wav,LA_E_7413625,LA_0009,test,g711_ulaw,g711_ulaw
narrowband_8k,bonafide,0,en,ASVspoof-corpus-terms,/media/storage/moonlab/strive-data/degraded/narrowband_8k/LA_E_7413625.wav,LA_E_7413625,LA_0009,test,narrowband_8k,narrowband
noise_10db,bonafide,0,en,ASVspoof-corpus-terms,/media/storage/moonlab/strive-data/degraded/noise_10db/LA_E_7413625.wav,LA_E_7413625,LA_0009,test,noise_10db,noise 10 dB SNR
clean,bonafide,0,en,ASVspoof-corpus-terms,/media/storage/moonlab/strive-data/degraded/clean/LA_E_5224168.wav,LA_E_5224168,LA_0002,test,clean,unmodified
opus_16k,bonafide,0,en,ASVspoof-corpus-terms,/media/storage/moonlab/strive-data/degraded/opus_16k/LA_E_5224168.wav,LA_E_5224168,LA_0002,test,opus_16k,opus@16k
opus_32k,bonafide,0,en,ASVspoof-corpus-terms,/media/storage/moonlab/strive-data/degraded/opus_32k/LA_E_5224168.wav,LA_E_5224168,LA_0002,test,opus_32k,opus@32k
g711_ulaw,bonafide,0,en,ASVspoof-corpus-terms,/media/storage/moonlab/strive-data/degraded/g711_ulaw/LA_E_5224168.wav,LA_E_5224168,LA_0002,test,g711_ulaw,g711_ulaw
narrowband_8k,bonafide,0,en,ASVspoof-corpus-terms,/media/storage/moonlab/strive-data/degraded/narrowband_8k/LA_E_5224168.wav,LA_E_5224168,LA_0002,test,narrowband_8k,narrowband
noise_10db,bonafide,0,en,ASVspoof-corpus-terms,/media/storage/moonlab/strive-data/degraded/noise_10db/LA_E_5224168.wav,LA_E_5224168,LA_0002,test,noise_10db,noise 10 dB SNR
clean,bonafide,0,en,ASVspoof-corpus-terms,/media/storage/moonlab/strive-data/degraded/clean/LA_E_5091054.wav,LA_E_5091054,LA_0060,test,clean,unmodified
opus_16k,bonafide,0,en,ASVspoof-corpus-terms,/media/storage/moonlab/strive-data/degraded/opus_16k/LA_E_5091054.wav,LA_E_5091054,LA_0060,test,opus_16k,opus@16k
opus_32k,bonafide,0,en,ASVspoof-corpus-terms,/media/storage/moonlab/strive-data/degraded/opus_32k/LA_E_5091054.wav,LA_E_5091054,LA_0060,test,opus_32k,opus@32k
g711_ulaw,bonafide,0,en,ASVspoof-corpus-terms,/media/storage/moonlab/strive-data/degraded/g711_ulaw/LA_E_5091054.wav,LA_E_5091054,LA_0060,test,g711_ulaw,g711_ulaw
narrowband_8k,bonafide,0,en,ASVspoof-corpus-terms,/media/storage/moonlab/strive-data/degraded/narrowband_8k/LA_E_5091054.wav,LA_E_5091054,LA_0060,test,narrowband_8k,narrowband
noise_10db,bonafide,0,en,ASVspoof-corpus-terms,/media/storage/moonlab/strive-data/degraded/noise_10db/LA_E_5091054.wav,LA_E_5091054,LA_0060,test,noise_10db,noise 10 dB SNR
clean,bonafide,0,en,ASVspoof-corpus-terms,/media/storage/moonlab/strive-data/degraded/clean/LA_E_2362820.wav,LA_E_2362820,LA_0041,test,clean,unmodified
opus_16k,bonafide,0,en,ASVspoof-corpus-terms,/media/storage/moonlab/strive-data/degraded/opus_16k/LA_E_2362820.wav,LA_E_2362820,LA_0041,test,opus_16k,opus@16k
opus_32k,bonafide,0,en,ASVspoof-corpus-terms,/media/storage/moonlab/strive-data/degraded/opus_32k/LA_E_2362820.wav,LA_E_2362820,LA_0041,test,opus_32k,opus@32k
g711_ulaw,bonafide,0,en,ASVspoof-corpus-terms,/media/storage/moonlab/strive-data/degraded/g711_ulaw/LA_E_2362820.wav,LA_E_2362820,LA_0041,test,g711_ulaw,g711_ulaw
narrowband_8k,bonafide,0,en,ASVspoof-corpus-terms,/media/storage/moonlab/strive-data/degraded/narrowband_8k/LA_E_2362820.wav,LA_E_2362820,LA_0041,test,narrowband_8k,narrowband
noise_10db,bonafide,0,en,ASVspoof-corpus-terms,/media/storage/moonlab/strive-data/degraded/noise_10db/LA_E_2362820.wav,LA_E_2362820,LA_0041,test,noise_10db,noise 10 dB SNR
clean,bonafide,0,en,ASVspoof-corpus-terms,/media/storage/moonlab/strive-data/degraded/clean/LA_E_2441084.wav,LA_E_2441084,LA_0039,test,clean,unmodified
opus_16k,bonafide,0,en,ASVspoof-corpus-terms,/media/storage/moonlab/strive-data/degraded/opus_16k/LA_E_2441084.wav,LA_E_2441084,LA_0039,test,opus_16k,opus@16k
opus_32k,bonafide,0,en,ASVspoof-corpus-terms,/media/storage/moonlab/strive-data/degraded/opus_32k/LA_E_2441084.wav,LA_E_2441084,LA_0039,test,opus_32k,opus@32k
g711_ulaw,bonafide,0,en,ASVspoof-corpus-terms,/media/storage/moonlab/strive-data/degraded/g711_ulaw/LA_E_2441084.wav,LA_E_2441084,LA_0039,test,g711_ulaw,g711_ulaw
narrowband_8k,bonafide,0,en,ASVspoof-corpus-terms,/media/storage/moonlab/strive-data/degraded/narrowband_8k/LA_E_2441084.wav,LA_E_2441084,LA_0039,test,narrowband_8k,narrowband
noise_10db,bonafide,0,en,ASVspoof-corpus-terms,/media/storage/moonlab/strive-data/degraded/noise_10db/LA_E_2441084.wav,LA_E_2441084,LA_0039,test,noise_10db,noise 10 dB SNR
clean,bonafide,0,en,ASVspoof-corpus-terms,/media/storage/moonlab/strive-data/degraded/clean/LA_E_3828543.wav,LA_E_3828543,LA_0026,test,clean,unmodified
opus_16k,bonafide,0,en,ASVspoof-corpus-terms,/media/storage/moonlab/strive-data/degraded/opus_16k/LA_E_3828543.wav,LA_E_3828543,LA_0026,test,opus_16k,opus@16k
opus_32k,bonafide,0,en,ASVspoof-corpus-terms,/media/storage/moonlab/strive-data/degraded/opus_32k/LA_E_3828543.wav,LA_E_3828543,LA_0026,test,opus_32k,opus@32k
g711_ulaw,bonafide,0,en,ASVspoof-corpus-terms,/media/storage/moonlab/strive-data/degraded/g711_ulaw/LA_E_3828543.wav,LA_E_3828543,LA_0026,test,g711_ulaw,g711_ulaw
narrowband_8k,bonafide,0,en,ASVspoof-corpus-terms,/media/storage/moonlab/strive-data/degraded/narrowband_8k/LA_E_3828543.wav,LA_E_3828543,LA_0026,test,narrowband_8k,narrowband
noise_10db,bonafide,0,en,ASVspoof-corpus-terms,/media/storage/moonlab/strive-data/degraded/noise_10db/LA_E_3828543.wav,LA_E_3828543,LA_0026,test,noise_10db,noise 10 dB SNR
clean,bonafide,0,en,ASVspoof-corpus-terms,/media/storage/moonlab/strive-data/degraded/clean/LA_E_7656261.wav,LA_E_7656261,LA_0024,test,clean,unmodified
opus_16k,bonafide,0,en,ASVspoof-corpus-terms,/media/storage/moonlab/strive-data/degraded/opus_16k/LA_E_7656261.wav,LA_E_7656261,LA_0024,test,opus_16k,opus@16k
opus_32k,bonafide,0,en,ASVspoof-corpus-terms,/media/storage/moonlab/strive-data/degraded/opus_32k/LA_E_7656261.wav,LA_E_7656261,LA_0024,test,opus_32k,opus@32k
g711_ulaw,bonafide,0,en,ASVspoof-corpus-terms,/media/storage/moonlab/strive-data/degraded/g711_ulaw/LA_E_7656261.wav,LA_E_7656261,LA_0024,test,g711_ulaw,g711_ulaw
narrowband_8k,bonafide,0,en,ASVspoof-corpus-terms,/media/storage/moonlab/strive-data/degraded/narrowband_8k/LA_E_7656261.wav,LA_E_7656261,LA_0024,test,narrowband_8k,narrowband
noise_10db,bonafide,0,en,ASVspoof-corpus-terms,/media/storage/moonlab/strive-data/degraded/noise_10db/LA_E_7656261.wav,LA_E_7656261,LA_0024,test,noise_10db,noise 10 dB SNR
clean,bonafide,0,en,ASVspoof-corpus-terms,/media/storage/moonlab/strive-data/degraded/clean/LA_E_7079870.wav,LA_E_7079870,LA_0055,test,clean,unmodified
opus_16k,bonafide,0,en,ASVspoof-corpus-terms,/media/storage/moonlab/strive-data/degraded/opus_16k/LA_E_7079870.wav,LA_E_7079870,LA_0055,test,opus_16k,opus@16k
opus_32k,bonafide,0,en,ASVspoof-corpus-terms,/media/storage/moonlab/strive-data/degraded/opus_32k/LA_E_7079870.wav,LA_E_7079870,LA_0055,test,opus_32k,opus@32k
g711_ulaw,bonafide,0,en,ASVspoof-corpus-terms,/media/storage/moonlab/strive-data/degraded/g711_ulaw/LA_E_7079870.wav,LA_E_7079870,LA_0055,test,g711_ulaw,g711_ulaw
narrowband_8k,bonafide,0,en,ASVspoof-corpus-terms,/media/storage/moonlab/strive-data/degraded/narrowband_8k/LA_E_7079870.wav,LA_E_7079870,LA_0055,test,narrowband_8k,narrowband
noise_10db,bonafide,0,en,ASVspoof-corpus-terms,/media/storage/moonlab/strive-data/degraded/noise_10db/LA_E_7079870.wav,LA_E_7079870,LA_0055,test,noise_10db,noise 10 dB SNR
clean,bonafide,0,en,ASVspoof-corpus-terms,/media/storage/moonlab/strive-data/degraded/clean/LA_E_3343757.wav,LA_E_3343757,LA_0061,test,clean,unmodified
opus_16k,bonafide,0,en,ASVspoof-corpus-terms,/media/storage/moonlab/strive-data/degraded/opus_16k/LA_E_3343757.wav,LA_E_3343757,LA_0061,test,opus_16k,opus@16k
opus_32k,bonafide,0,en,ASVspoof-corpus-terms,/media/storage/moonlab/strive-data/degraded/opus_32k/LA_E_3343757.wav,LA_E_3343757,LA_0061,test,opus_32k,opus@32k
g711_ulaw,bonafide,0,en,ASVspoof-corpus-terms,/media/storage/moonlab/strive-data/degraded/g711_ulaw/LA_E_3343757.wav,LA_E_3343757,LA_0061,test,g711_ulaw,g711_ulaw
narrowband_8k,bonafide,0,en,ASVspoof-corpus-terms,/media/storage/moonlab/strive-data/degraded/narrowband_8k/LA_E_3343757.wav,LA_E_3343757,LA_0061,test,narrowband_8k,narrowband
noise_10db,bonafide,0,en,ASVspoof-corpus-terms,/media/storage/moonlab/strive-data/degraded/noise_10db/LA_E_3343757.wav,LA_E_3343757,LA_0061,test,noise_10db,noise 10 dB SNR
clean,bonafide,0,en,ASVspoof-corpus-terms,/media/storage/moonlab/strive-data/degraded/clean/LA_E_6743304.wav,LA_E_6743304,LA_0058,test,clean,unmodified
opus_16k,bonafide,0,en,ASVspoof-corpus-terms,/media/storage/moonlab/strive-data/degraded/opus_16k/LA_E_6743304.wav,LA_E_6743304,LA_0058,test,opus_16k,opus@16k
opus_32k,bonafide,0,en,ASVspoof-corpus-terms,/media/storage/moonlab/strive-data/degraded/opus_32k/LA_E_6743304.wav,LA_E_6743304,LA_0058,test,opus_32k,opus@32k
g711_ulaw,bonafide,0,en,ASVspoof-corpus-terms,/media/storage/moonlab/strive-data/degraded/g711_ulaw/LA_E_6743304.wav,LA_E_6743304,LA_0058,test,g711_ulaw,g711_ulaw
narrowband_8k,bonafide,0,en,ASVspoof-corpus-terms,/media/storage/moonlab/strive-data/degraded/narrowband_8k/LA_E_6743304.wav,LA_E_6743304,LA_0058,test,narrowband_8k,narrowband
noise_10db,bonafide,0,en,ASVspoof-corpus-terms,/media/storage/moonlab/strive-data/degraded/noise_10db/LA_E_6743304.wav,LA_E_6743304,LA_0058,test,noise_10db,noise 10 dB SNR
clean,bonafide,0,en,ASVspoof-corpus-terms,/media/storage/moonlab/strive-data/degraded/clean/LA_E_3009777.wav,LA_E_3009777,LA_0026,test,clean,unmodified
opus_16k,bonafide,0,en,ASVspoof-corpus-terms,/media/storage/moonlab/strive-data/degraded/opus_16k/LA_E_3009777.wav,LA_E_3009777,LA_0026,test,opus_16k,opus@16k
opus_32k,bonafide,0,en,ASVspoof-corpus-terms,/media/storage/moonlab/strive-data/degraded/opus_32k/LA_E_3009777.wav,LA_E_3009777,LA_0026,test,opus_32k,opus@32k
g711_ulaw,bonafide,0,en,ASVspoof-corpus-terms,/media/storage/moonlab/strive-data/degraded/g711_ulaw/LA_E_3009777.wav,LA_E_3009777,LA_0026,test,g711_ulaw,g711_ulaw
narrowband_8k,bonafide,0,en,ASVspoof-corpus-terms,/media/storage/moonlab/strive-data/degraded/narrowband_8k/LA_E_3009777.wav,LA_E_3009777,LA_0026,test,narrowband_8k,narrowband
noise_10db,bonafide,0,en,ASVspoof-corpus-terms,/media/storage/moonlab/strive-data/degraded/noise_10db/LA_E_3009777.wav,LA_E_3009777,LA_0026,test,noise_10db,noise 10 dB SNR
clean,bonafide,0,en,ASVspoof-corpus-terms,/media/storage/moonlab/strive-data/degraded/clean/LA_E_5391428.wav,LA_E_5391428,LA_0028,test,clean,unmodified
opus_16k,bonafide,0,en,ASVspoof-corpus-terms,/media/storage/moonlab/strive-data/degraded/opus_16k/LA_E_5391428.wav,LA_E_5391428,LA_0028,test,opus_16k,opus@16k
opus_32k,bonafide,0,en,ASVspoof-corpus-terms,/media/storage/moonlab/strive-data/degraded/opus_32k/LA_E_5391428.wav,LA_E_5391428,LA_0028,test,opus_32k,opus@32k
g711_ulaw,bonafide,0,en,ASVspoof-corpus-terms,/media/storage/moonlab/strive-data/degraded/g711_ulaw/LA_E_5391428.wav,LA_E_5391428,LA_0028,test,g711_ulaw,g711_ulaw
narrowband_8k,bonafide,0,en,ASVspoof-corpus-terms,/media/storage/moonlab/strive-data/degraded/narrowband_8k/LA_E_5391428.wav,LA_E_5391428,LA_0028,test,narrowband_8k,narrowband
noise_10db,bonafide,0,en,ASVspoof-corpus-terms,/media/storage/moonlab/strive-data/degraded/noise_10db/LA_E_5391428.wav,LA_E_5391428,LA_0028,test,noise_10db,noise 10 dB SNR
clean,bonafide,0,en,ASVspoof-corpus-terms,/media/storage/moonlab/strive-data/degraded/clean/LA_E_9422097.wav,LA_E_9422097,LA_0057,test,clean,unmodified
opus_16k,bonafide,0,en,ASVspoof-corpus-terms,/media/storage/moonlab/strive-data/degraded/opus_16k/LA_E_9422097.wav,LA_E_9422097,LA_0057,test,opus_16k,opus@16k
opus_32k,bonafide,0,en,ASVspoof-corpus-terms,/media/storage/moonlab/strive-data/degraded/opus_32k/LA_E_9422097.wav,LA_E_9422097,LA_0057,test,opus_32k,opus@32k
g711_ulaw,bonafide,0,en,ASVspoof-corpus-terms,/media/storage/moonlab/strive-data/degraded/g711_ulaw/LA_E_9422097.wav,LA_E_9422097,LA_0057,test,g711_ulaw,g711_ulaw
narrowband_8k,bonafide,0,en,ASVspoof-corpus-terms,/media/storage/moonlab/strive-data/degraded/narrowband_8k/LA_E_9422097.wav,LA_E_9422097,LA_0057,test,narrowband_8k,narrowband
noise_10db,bonafide,0,en,ASVspoof-corpus-terms,/media/storage/moonlab/strive-data/degraded/noise_10db/LA_E_9422097.wav,LA_E_9422097,LA_0057,test,noise_10db,noise 10 dB SNR
clean,bonafide,0,en,ASVspoof-corpus-terms,/media/storage/moonlab/strive-data/degraded/clean/LA_E_6918536.wav,LA_E_6918536,LA_0064,test,clean,unmodified
opus_16k,bonafide,0,en,ASVspoof-corpus-terms,/media/storage/moonlab/strive-data/degraded/opus_16k/LA_E_6918536.wav,LA_E_6918536,LA_0064,test,opus_16k,opus@16k
opus_32k,bonafide,0,en,ASVspoof-corpus-terms,/media/storage/moonlab/strive-data/degraded/opus_32k/LA_E_6918536.wav,LA_E_6918536,LA_0064,test,opus_32k,opus@32k
g711_ulaw,bonafide,0,en,ASVspoof-corpus-terms,/media/storage/moonlab/strive-data/degraded/g711_ulaw/LA_E_6918536.wav,LA_E_6918536,LA_0064,test,g711_ulaw,g711_ulaw
narrowband_8k,bonafide,0,en,ASVspoof-corpus-terms,/media/storage/moonlab/strive-data/degraded/narrowband_8k/LA_E_6918536.wav,LA_E_6918536,LA_0064,test,narrowband_8k,narrowband
noise_10db,bonafide,0,en,ASVspoof-corpus-terms,/media/storage/moonlab/strive-data/degraded/noise_10db/LA_E_6918536.wav,LA_E_6918536,LA_0064,test,noise_10db,noise 10 dB SNR
clean,bonafide,0,en,ASVspoof-corpus-terms,/media/storage/moonlab/strive-data/degraded/clean/LA_E_5906664.wav,LA_E_5906664,LA_0045,test,clean,unmodified
opus_16k,bonafide,0,en,ASVspoof-corpus-terms,/media/storage/moonlab/strive-data/degraded/opus_16k/LA_E_5906664.wav,LA_E_5906664,LA_0045,test,opus_16k,opus@16k
opus_32k,bonafide,0,en,ASVspoof-corpus-terms,/media/storage/moonlab/strive-data/degraded/opus_32k/LA_E_5906664.wav,LA_E_5906664,LA_0045,test,opus_32k,opus@32k
g711_ulaw,bonafide,0,en,ASVspoof-corpus-terms,/media/storage/moonlab/strive-data/degraded/g711_ulaw/LA_E_5906664.wav,LA_E_5906664,LA_0045,test,g711_ulaw,g711_ulaw
narrowband_8k,bonafide,0,en,ASVspoof-corpus-terms,/media/storage/moonlab/strive-data/degraded/narrowband_8k/LA_E_5906664.wav,LA_E_5906664,LA_0045,test,narrowband_8k,narrowband
noise_10db,bonafide,0,en,ASVspoof-corpus-terms,/media/storage/moonlab/strive-data/degraded/noise_10db/LA_E_5906664.wav,LA_E_5906664,LA_0045,test,noise_10db,noise 10 dB SNR
clean,bonafide,0,en,ASVspoof-corpus-terms,/media/storage/moonlab/strive-data/degraded/clean/LA_E_6628337.wav,LA_E_6628337,LA_0052,test,clean,unmodified
opus_16k,bonafide,0,en,ASVspoof-corpus-terms,/media/storage/moonlab/strive-data/degraded/opus_16k/LA_E_6628337.wav,LA_E_6628337,LA_0052,test,opus_16k,opus@16k
opus_32k,bonafide,0,en,ASVspoof-corpus-terms,/media/storage/moonlab/strive-data/degraded/opus_32k/LA_E_6628337.wav,LA_E_6628337,LA_0052,test,opus_32k,opus@32k
g711_ulaw,bonafide,0,en,ASVspoof-corpus-terms,/media/storage/moonlab/strive-data/degraded/g711_ulaw/LA_E_6628337.wav,LA_E_6628337,LA_0052,test,g711_ulaw,g711_ulaw
narrowband_8k,bonafide,0,en,ASVspoof-corpus-terms,/media/storage/moonlab/strive-data/degraded/narrowband_8k/LA_E_6628337.wav,LA_E_6628337,LA_0052,test,narrowband_8k,narrowband
noise_10db,bonafide,0,en,ASVspoof-corpus-terms,/media/storage/moonlab/strive-data/degraded/noise_10db/LA_E_6628337.wav,LA_E_6628337,LA_0052,test,noise_10db,noise 10 dB SNR
clean,bonafide,0,en,ASVspoof-corpus-terms,/media/storage/moonlab/strive-data/degraded/clean/LA_E_3807352.wav,LA_E_3807352,LA_0042,test,clean,unmodified
opus_16k,bonafide,0,en,ASVspoof-corpus-terms,/media/storage/moonlab/strive-data/degraded/opus_16k/LA_E_3807352.wav,LA_E_3807352,LA_0042,test,opus_16k,opus@16k
opus_32k,bonafide,0,en,ASVspoof-corpus-terms,/media/storage/moonlab/strive-data/degraded/opus_32k/LA_E_3807352.wav,LA_E_3807352,LA_0042,test,opus_32k,opus@32k
g711_ulaw,bonafide,0,en,ASVspoof-corpus-terms,/media/storage/moonlab/strive-data/degraded/g711_ulaw/LA_E_3807352.wav,LA_E_3807352,LA_0042,test,g711_ulaw,g711_ulaw
narrowband_8k,bonafide,0,en,ASVspoof-corpus-terms,/media/storage/moonlab/strive-data/degraded/narrowband_8k/LA_E_3807352.wav,LA_E_3807352,LA_0042,test,narrowband_8k,narrowband
noise_10db,bonafide,0,en,ASVspoof-corpus-terms,/media/storage/moonlab/strive-data/degraded/noise_10db/LA_E_3807352.wav,LA_E_3807352,LA_0042,test,noise_10db,noise 10 dB SNR
clean,bonafide,0,en,ASVspoof-corpus-terms,/media/storage/moonlab/strive-data/degraded/clean/LA_E_8471757.wav,LA_E_8471757,LA_0030,test,clean,unmodified
opus_16k,bonafide,0,en,ASVspoof-corpus-terms,/media/storage/moonlab/strive-data/degraded/opus_16k/LA_E_8471757.wav,LA_E_8471757,LA_0030,test,opus_16k,opus@16k
opus_32k,bonafide,0,en,ASVspoof-corpus-terms,/media/storage/moonlab/strive-data/degraded/opus_32k/LA_E_8471757.wav,LA_E_8471757,LA_0030,test,opus_32k,opus@32k
g711_ulaw,bonafide,0,en,ASVspoof-corpus-terms,/media/storage/moonlab/strive-data/degraded/g711_ulaw/LA_E_8471757.wav,LA_E_8471757,LA_0030,test,g711_ulaw,g711_ulaw
narrowband_8k,bonafide,0,en,ASVspoof-corpus-terms,/media/storage/moonlab/strive-data/degraded/narrowband_8k/LA_E_8471757.wav,LA_E_8471757,LA_0030,test,narrowband_8k,narrowband
noise_10db,bonafide,0,en,ASVspoof-corpus-terms,/media/storage/moonlab/strive-data/degraded/noise_10db/LA_E_8471757.wav,LA_E_8471757,LA_0030,test,noise_10db,noise 10 dB SNR
clean,bonafide,0,en,ASVspoof-corpus-terms,/media/storage/moonlab/strive-data/degraded/clean/LA_E_4828197.wav,LA_E_4828197,LA_0053,test,clean,unmodified
opus_16k,bonafide,0,en,ASVspoof-corpus-terms,/media/storage/moonlab/strive-data/degraded/opus_16k/LA_E_4828197.wav,LA_E_4828197,LA_0053,test,opus_16k,opus@16k
opus_32k,bonafide,0,en,ASVspoof-corpus-terms,/media/storage/moonlab/strive-data/degraded/opus_32k/LA_E_4828197.wav,LA_E_4828197,LA_0053,test,opus_32k,opus@32k
g711_ulaw,bonafide,0,en,ASVspoof-corpus-terms,/media/storage/moonlab/strive-data/degraded/g711_ulaw/LA_E_4828197.wav,LA_E_4828197,LA_0053,test,g711_ulaw,g711_ulaw
narrowband_8k,bonafide,0,en,ASVspoof-corpus-terms,/media/storage/moonlab/strive-data/degraded/narrowband_8k/LA_E_4828197.wav,LA_E_4828197,LA_0053,test,narrowband_8k,narrowband
noise_10db,bonafide,0,en,ASVspoof-corpus-terms,/media/storage/moonlab/strive-data/degraded/noise_10db/LA_E_4828197.wav,LA_E_4828197,LA_0053,test,noise_10db,noise 10 dB SNR
clean,bonafide,0,en,ASVspoof-corpus-terms,/media/storage/moonlab/strive-data/degraded/clean/LA_E_7346511.wav,LA_E_7346511,LA_0015,test,clean,unmodified
opus_16k,bonafide,0,en,ASVspoof-corpus-terms,/media/storage/moonlab/strive-data/degraded/opus_16k/LA_E_7346511.wav,LA_E_7346511,LA_0015,test,opus_16k,opus@16k
opus_32k,bonafide,0,en,ASVspoof-corpus-terms,/media/storage/moonlab/strive-data/degraded/opus_32k/LA_E_7346511.wav,LA_E_7346511,LA_0015,test,opus_32k,opus@32k
g711_ulaw,bonafide,0,en,ASVspoof-corpus-terms,/media/storage/moonlab/strive-data/degraded/g711_ulaw/LA_E_7346511.wav,LA_E_7346511,LA_0015,test,g711_ulaw,g711_ulaw
narrowband_8k,bonafide,0,en,ASVspoof-corpus-terms,/media/storage/moonlab/strive-data/degraded/narrowband_8k/LA_E_7346511.wav,LA_E_7346511,LA_0015,test,narrowband_8k,narrowband
noise_10db,bonafide,0,en,ASVspoof-corpus-terms,/media/storage/moonlab/strive-data/degraded/noise_10db/LA_E_7346511.wav,LA_E_7346511,LA_0015,test,noise_10db,noise 10 dB SNR
clean,bonafide,0,en,ASVspoof-corpus-terms,/media/storage/moonlab/strive-data/degraded/clean/LA_E_5702707.wav,LA_E_5702707,LA_0052,test,clean,unmodified
opus_16k,bonafide,0,en,ASVspoof-corpus-terms,/media/storage/moonlab/strive-data/degraded/opus_16k/LA_E_5702707.wav,LA_E_5702707,LA_0052,test,opus_16k,opus@16k
opus_32k,bonafide,0,en,ASVspoof-corpus-terms,/media/storage/moonlab/strive-data/degraded/opus_32k/LA_E_5702707.wav,LA_E_5702707,LA_0052,test,opus_32k,opus@32k
g711_ulaw,bonafide,0,en,ASVspoof-corpus-terms,/media/storage/moonlab/strive-data/degraded/g711_ulaw/LA_E_5702707.wav,LA_E_5702707,LA_0052,test,g711_ulaw,g711_ulaw
narrowband_8k,bonafide,0,en,ASVspoof-corpus-terms,/media/storage/moonlab/strive-data/degraded/narrowband_8k/LA_E_5702707.wav,LA_E_5702707,LA_0052,test,narrowband_8k,narrowband
noise_10db,bonafide,0,en,ASVspoof-corpus-terms,/media/storage/moonlab/strive-data/degraded/noise_10db/LA_E_5702707.wav,LA_E_5702707,LA_0052,test,noise_10db,noise 10 dB SNR
clean,bonafide,0,en,ASVspoof-corpus-terms,/media/storage/moonlab/strive-data/degraded/clean/LA_E_2041982.wav,LA_E_2041982,LA_0053,test,clean,unmodified
opus_16k,bonafide,0,en,ASVspoof-corpus-terms,/media/storage/moonlab/strive-data/degraded/opus_16k/LA_E_2041982.wav,LA_E_2041982,LA_0053,test,opus_16k,opus@16k
opus_32k,bonafide,0,en,ASVspoof-corpus-terms,/media/storage/moonlab/strive-data/degraded/opus_32k/LA_E_2041982.wav,LA_E_2041982,LA_0053,test,opus_32k,opus@32k
g711_ulaw,bonafide,0,en,ASVspoof-corpus-terms,/media/storage/moonlab/strive-data/degraded/g711_ulaw/LA_E_2041982.wav,LA_E_2041982,LA_0053,test,g711_ulaw,g711_ulaw
narrowband_8k,bonafide,0,en,ASVspoof-corpus-terms,/media/storage/moonlab/strive-data/degraded/narrowband_8k/LA_E_2041982.wav,LA_E_2041982,LA_0053,test,narrowband_8k,narrowband
noise_10db,bonafide,0,en,ASVspoof-corpus-terms,/media/storage/moonlab/strive-data/degraded/noise_10db/LA_E_2041982.wav,LA_E_2041982,LA_0053,test,noise_10db,noise 10 dB SNR
clean,bonafide,0,en,ASVspoof-corpus-terms,/media/storage/moonlab/strive-data/degraded/clean/LA_E_6373923.wav,LA_E_6373923,LA_0061,test,clean,unmodified
opus_16k,bonafide,0,en,ASVspoof-corpus-terms,/media/storage/moonlab/strive-data/degraded/opus_16k/LA_E_6373923.wav,LA_E_6373923,LA_0061,test,opus_16k,opus@16k
opus_32k,bonafide,0,en,ASVspoof-corpus-terms,/media/storage/moonlab/strive-data/degraded/opus_32k/LA_E_6373923.wav,LA_E_6373923,LA_0061,test,opus_32k,opus@32k
g711_ulaw,bonafide,0,en,ASVspoof-corpus-terms,/media/storage/moonlab/strive-data/degraded/g711_ulaw/LA_E_6373923.wav,LA_E_6373923,LA_0061,test,g711_ulaw,g711_ulaw
narrowband_8k,bonafide,0,en,ASVspoof-corpus-terms,/media/storage/moonlab/strive-data/degraded/narrowband_8k/LA_E_6373923.wav,LA_E_6373923,LA_0061,test,narrowband_8k,narrowband
noise_10db,bonafide,0,en,ASVspoof-corpus-terms,/media/storage/moonlab/strive-data/degraded/noise_10db/LA_E_6373923.wav,LA_E_6373923,LA_0061,test,noise_10db,noise 10 dB SNR
clean,bonafide,0,en,ASVspoof-corpus-terms,/media/storage/moonlab/strive-data/degraded/clean/LA_E_2645310.wav,LA_E_2645310,LA_0028,test,clean,unmodified
opus_16k,bonafide,0,en,ASVspoof-corpus-terms,/media/storage/moonlab/strive-data/degraded/opus_16k/LA_E_2645310.wav,LA_E_2645310,LA_0028,test,opus_16k,opus@16k
opus_32k,bonafide,0,en,ASVspoof-corpus-terms,/media/storage/moonlab/strive-data/degraded/opus_32k/LA_E_2645310.wav,LA_E_2645310,LA_0028,test,opus_32k,opus@32k
g711_ulaw,bonafide,0,en,ASVspoof-corpus-terms,/media/storage/moonlab/strive-data/degraded/g711_ulaw/LA_E_2645310.wav,LA_E_2645310,LA_0028,test,g711_ulaw,g711_ulaw
narrowband_8k,bonafide,0,en,ASVspoof-corpus-terms,/media/storage/moonlab/strive-data/degraded/narrowband_8k/LA_E_2645310.wav,LA_E_2645310,LA_0028,test,narrowband_8k,narrowband
noise_10db,bonafide,0,en,ASVspoof-corpus-terms,/media/storage/moonlab/strive-data/degraded/noise_10db/LA_E_2645310.wav,LA_E_2645310,LA_0028,test,noise_10db,noise 10 dB SNR
clean,bonafide,0,en,ASVspoof-corpus-terms,/media/storage/moonlab/strive-data/degraded/clean/LA_E_8429211.wav,LA_E_8429211,LA_0014,test,clean,unmodified
opus_16k,bonafide,0,en,ASVspoof-corpus-terms,/media/storage/moonlab/strive-data/degraded/opus_16k/LA_E_8429211.wav,LA_E_8429211,LA_0014,test,opus_16k,opus@16k
opus_32k,bonafide,0,en,ASVspoof-corpus-terms,/media/storage/moonlab/strive-data/degraded/opus_32k/LA_E_8429211.wav,LA_E_8429211,LA_0014,test,opus_32k,opus@32k
g711_ulaw,bonafide,0,en,ASVspoof-corpus-terms,/media/storage/moonlab/strive-data/degraded/g711_ulaw/LA_E_8429211.wav,LA_E_8429211,LA_0014,test,g711_ulaw,g711_ulaw
narrowband_8k,bonafide,0,en,ASVspoof-corpus-terms,/media/storage/moonlab/strive-data/degraded/narrowband_8k/LA_E_8429211.wav,LA_E_8429211,LA_0014,test,narrowband_8k,narrowband
noise_10db,bonafide,0,en,ASVspoof-corpus-terms,/media/storage/moonlab/strive-data/degraded/noise_10db/LA_E_8429211.wav,LA_E_8429211,LA_0014,test,noise_10db,noise 10 dB SNR
clean,bonafide,0,en,ASVspoof-corpus-terms,/media/storage/moonlab/strive-data/degraded/clean/LA_E_2349059.wav,LA_E_2349059,LA_0018,test,clean,unmodified
opus_16k,bonafide,0,en,ASVspoof-corpus-terms,/media/storage/moonlab/strive-data/degraded/opus_16k/LA_E_2349059.wav,LA_E_2349059,LA_0018,test,opus_16k,opus@16k
opus_32k,bonafide,0,en,ASVspoof-corpus-terms,/media/storage/moonlab/strive-data/degraded/opus_32k/LA_E_2349059.wav,LA_E_2349059,LA_0018,test,opus_32k,opus@32k
g711_ulaw,bonafide,0,en,ASVspoof-corpus-terms,/media/storage/moonlab/strive-data/degraded/g711_ulaw/LA_E_2349059.wav,LA_E_2349059,LA_0018,test,g711_ulaw,g711_ulaw
narrowband_8k,bonafide,0,en,ASVspoof-corpus-terms,/media/storage/moonlab/strive-data/degraded/narrowband_8k/LA_E_2349059.wav,LA_E_2349059,LA_0018,test,narrowband_8k,narrowband
noise_10db,bonafide,0,en,ASVspoof-corpus-terms,/media/storage/moonlab/strive-data/degraded/noise_10db/LA_E_2349059.wav,LA_E_2349059,LA_0018,test,noise_10db,noise 10 dB SNR
clean,bonafide,0,en,ASVspoof-corpus-terms,/media/storage/moonlab/strive-data/degraded/clean/LA_E_7802977.wav,LA_E_7802977,LA_0030,test,clean,unmodified
opus_16k,bonafide,0,en,ASVspoof-corpus-terms,/media/storage/moonlab/strive-data/degraded/opus_16k/LA_E_7802977.wav,LA_E_7802977,LA_0030,test,opus_16k,opus@16k
opus_32k,bonafide,0,en,ASVspoof-corpus-terms,/media/storage/moonlab/strive-data/degraded/opus_32k/LA_E_7802977.wav,LA_E_7802977,LA_0030,test,opus_32k,opus@32k
g711_ulaw,bonafide,0,en,ASVspoof-corpus-terms,/media/storage/moonlab/strive-data/degraded/g711_ulaw/LA_E_7802977.wav,LA_E_7802977,LA_0030,test,g711_ulaw,g711_ulaw
narrowband_8k,bonafide,0,en,ASVspoof-corpus-terms,/media/storage/moonlab/strive-data/degraded/narrowband_8k/LA_E_7802977.wav,LA_E_7802977,LA_0030,test,narrowband_8k,narrowband
noise_10db,bonafide,0,en,ASVspoof-corpus-terms,/media/storage/moonlab/strive-data/degraded/noise_10db/LA_E_7802977.wav,LA_E_7802977,LA_0030,test,noise_10db,noise 10 dB SNR
clean,bonafide,0,en,ASVspoof-corpus-terms,/media/storage/moonlab/strive-data/degraded/clean/LA_E_3764852.wav,LA_E_3764852,LA_0004,test,clean,unmodified
opus_16k,bonafide,0,en,ASVspoof-corpus-terms,/media/storage/moonlab/strive-data/degraded/opus_16k/LA_E_3764852.wav,LA_E_3764852,LA_0004,test,opus_16k,opus@16k
opus_32k,bonafide,0,en,ASVspoof-corpus-terms,/media/storage/moonlab/strive-data/degraded/opus_32k/LA_E_3764852.wav,LA_E_3764852,LA_0004,test,opus_32k,opus@32k
g711_ulaw,bonafide,0,en,ASVspoof-corpus-terms,/media/storage/moonlab/strive-data/degraded/g711_ulaw/LA_E_3764852.wav,LA_E_3764852,LA_0004,test,g711_ulaw,g711_ulaw
narrowband_8k,bonafide,0,en,ASVspoof-corpus-terms,/media/storage/moonlab/strive-data/degraded/narrowband_8k/LA_E_3764852.wav,LA_E_3764852,LA_0004,test,narrowband_8k,narrowband
noise_10db,bonafide,0,en,ASVspoof-corpus-terms,/media/storage/moonlab/strive-data/degraded/noise_10db/LA_E_3764852.wav,LA_E_3764852,LA_0004,test,noise_10db,noise 10 dB SNR
clean,bonafide,0,en,ASVspoof-corpus-terms,/media/storage/moonlab/strive-data/degraded/clean/LA_E_8627312.wav,LA_E_8627312,LA_0011,test,clean,unmodified
opus_16k,bonafide,0,en,ASVspoof-corpus-terms,/media/storage/moonlab/strive-data/degraded/opus_16k/LA_E_8627312.wav,LA_E_8627312,LA_0011,test,opus_16k,opus@16k
opus_32k,bonafide,0,en,ASVspoof-corpus-terms,/media/storage/moonlab/strive-data/degraded/opus_32k/LA_E_8627312.wav,LA_E_8627312,LA_0011,test,opus_32k,opus@32k
g711_ulaw,bonafide,0,en,ASVspoof-corpus-terms,/media/storage/moonlab/strive-data/degraded/g711_ulaw/LA_E_8627312.wav,LA_E_8627312,LA_0011,test,g711_ulaw,g711_ulaw
narrowband_8k,bonafide,0,en,ASVspoof-corpus-terms,/media/storage/moonlab/strive-data/degraded/narrowband_8k/LA_E_8627312.wav,LA_E_8627312,LA_0011,test,narrowband_8k,narrowband
noise_10db,bonafide,0,en,ASVspoof-corpus-terms,/media/storage/moonlab/strive-data/degraded/noise_10db/LA_E_8627312.wav,LA_E_8627312,LA_0011,test,noise_10db,noise 10 dB SNR
clean,A08,1,en,ASVspoof-corpus-terms,/media/storage/moonlab/strive-data/degraded/clean/LA_E_2962348.wav,LA_E_2962348,LA_0026,test,clean,unmodified
opus_16k,A08,1,en,ASVspoof-corpus-terms,/media/storage/moonlab/strive-data/degraded/opus_16k/LA_E_2962348.wav,LA_E_2962348,LA_0026,test,opus_16k,opus@16k
opus_32k,A08,1,en,ASVspoof-corpus-terms,/media/storage/moonlab/strive-data/degraded/opus_32k/LA_E_2962348.wav,LA_E_2962348,LA_0026,test,opus_32k,opus@32k
g711_ulaw,A08,1,en,ASVspoof-corpus-terms,/media/storage/moonlab/strive-data/degraded/g711_ulaw/LA_E_2962348.wav,LA_E_2962348,LA_0026,test,g711_ulaw,g711_ulaw
narrowband_8k,A08,1,en,ASVspoof-corpus-terms,/media/storage/moonlab/strive-data/degraded/narrowband_8k/LA_E_2962348.wav,LA_E_2962348,LA_0026,test,narrowband_8k,narrowband
noise_10db,A08,1,en,ASVspoof-corpus-terms,/media/storage/moonlab/strive-data/degraded/noise_10db/LA_E_2962348.wav,LA_E_2962348,LA_0026,test,noise_10db,noise 10 dB SNR
clean,A16,1,en,ASVspoof-corpus-terms,/media/storage/moonlab/strive-data/degraded/clean/LA_E_8740931.wav,LA_E_8740931,LA_0046,test,clean,unmodified
opus_16k,A16,1,en,ASVspoof-corpus-terms,/media/storage/moonlab/strive-data/degraded/opus_16k/LA_E_8740931.wav,LA_E_8740931,LA_0046,test,opus_16k,opus@16k
opus_32k,A16,1,en,ASVspoof-corpus-terms,/media/storage/moonlab/strive-data/degraded/opus_32k/LA_E_8740931.wav,LA_E_8740931,LA_0046,test,opus_32k,opus@32k
g711_ulaw,A16,1,en,ASVspoof-corpus-terms,/media/storage/moonlab/strive-data/degraded/g711_ulaw/LA_E_8740931.wav,LA_E_8740931,LA_0046,test,g711_ulaw,g711_ulaw
narrowband_8k,A16,1,en,ASVspoof-corpus-terms,/media/storage/moonlab/strive-data/degraded/narrowband_8k/LA_E_8740931.wav,LA_E_8740931,LA_0046,test,narrowband_8k,narrowband
noise_10db,A16,1,en,ASVspoof-corpus-terms,/media/storage/moonlab/strive-data/degraded/noise_10db/LA_E_8740931.wav,LA_E_8740931,LA_0046,test,noise_10db,noise 10 dB SNR
clean,A09,1,en,ASVspoof-corpus-terms,/media/storage/moonlab/strive-data/degraded/clean/LA_E_3484901.wav,LA_E_3484901,LA_0012,test,clean,unmodified
opus_16k,A09,1,en,ASVspoof-corpus-terms,/media/storage/moonlab/strive-data/degraded/opus_16k/LA_E_3484901.wav,LA_E_3484901,LA_0012,test,opus_16k,opus@16k
opus_32k,A09,1,en,ASVspoof-corpus-terms,/media/storage/moonlab/strive-data/degraded/opus_32k/LA_E_3484901.wav,LA_E_3484901,LA_0012,test,opus_32k,opus@32k
g711_ulaw,A09,1,en,ASVspoof-corpus-terms,/media/storage/moonlab/strive-data/degraded/g711_ulaw/LA_E_3484901.wav,LA_E_3484901,LA_0012,test,g711_ulaw,g711_ulaw
narrowband_8k,A09,1,en,ASVspoof-corpus-terms,/media/storage/moonlab/strive-data/degraded/narrowband_8k/LA_E_3484901.wav,LA_E_3484901,LA_0012,test,narrowband_8k,narrowband
noise_10db,A09,1,en,ASVspoof-corpus-terms,/media/storage/moonlab/strive-data/degraded/noise_10db/LA_E_3484901.wav,LA_E_3484901,LA_0012,test,noise_10db,noise 10 dB SNR
clean,A14,1,en,ASVspoof-corpus-terms,/media/storage/moonlab/strive-data/degraded/clean/LA_E_4604120.wav,LA_E_4604120,LA_0047,test,clean,unmodified
opus_16k,A14,1,en,ASVspoof-corpus-terms,/media/storage/moonlab/strive-data/degraded/opus_16k/LA_E_4604120.wav,LA_E_4604120,LA_0047,test,opus_16k,opus@16k
opus_32k,A14,1,en,ASVspoof-corpus-terms,/media/storage/moonlab/strive-data/degraded/opus_32k/LA_E_4604120.wav,LA_E_4604120,LA_0047,test,opus_32k,opus@32k
g711_ulaw,A14,1,en,ASVspoof-corpus-terms,/media/storage/moonlab/strive-data/degraded/g711_ulaw/LA_E_4604120.wav,LA_E_4604120,LA_0047,test,g711_ulaw,g711_ulaw
narrowband_8k,A14,1,en,ASVspoof-corpus-terms,/media/storage/moonlab/strive-data/degraded/narrowband_8k/LA_E_4604120.wav,LA_E_4604120,LA_0047,test,narrowband_8k,narrowband
noise_10db,A14,1,en,ASVspoof-corpus-terms,/media/storage/moonlab/strive-data/degraded/noise_10db/LA_E_4604120.wav,LA_E_4604120,LA_0047,test,noise_10db,noise 10 dB SNR
clean,A17,1,en,ASVspoof-corpus-terms,/media/storage/moonlab/strive-data/degraded/clean/LA_E_8084600.wav,LA_E_8084600,LA_0012,test,clean,unmodified
opus_16k,A17,1,en,ASVspoof-corpus-terms,/media/storage/moonlab/strive-data/degraded/opus_16k/LA_E_8084600.wav,LA_E_8084600,LA_0012,test,opus_16k,opus@16k
opus_32k,A17,1,en,ASVspoof-corpus-terms,/media/storage/moonlab/strive-data/degraded/opus_32k/LA_E_8084600.wav,LA_E_8084600,LA_0012,test,opus_32k,opus@32k
g711_ulaw,A17,1,en,ASVspoof-corpus-terms,/media/storage/moonlab/strive-data/degraded/g711_ulaw/LA_E_8084600.wav,LA_E_8084600,LA_0012,test,g711_ulaw,g711_ulaw
narrowband_8k,A17,1,en,ASVspoof-corpus-terms,/media/storage/moonlab/strive-data/degraded/narrowband_8k/LA_E_8084600.wav,LA_E_8084600,LA_0012,test,narrowband_8k,narrowband
noise_10db,A17,1,en,ASVspoof-corpus-terms,/media/storage/moonlab/strive-data/degraded/noise_10db/LA_E_8084600.wav,LA_E_8084600,LA_0012,test,noise_10db,noise 10 dB SNR
clean,A11,1,en,ASVspoof-corpus-terms,/media/storage/moonlab/strive-data/degraded/clean/LA_E_9743538.wav,LA_E_9743538,LA_0033,test,clean,unmodified
opus_16k,A11,1,en,ASVspoof-corpus-terms,/media/storage/moonlab/strive-data/degraded/opus_16k/LA_E_9743538.wav,LA_E_9743538,LA_0033,test,opus_16k,opus@16k
opus_32k,A11,1,en,ASVspoof-corpus-terms,/media/storage/moonlab/strive-data/degraded/opus_32k/LA_E_9743538.wav,LA_E_9743538,LA_0033,test,opus_32k,opus@32k
g711_ulaw,A11,1,en,ASVspoof-corpus-terms,/media/storage/moonlab/strive-data/degraded/g711_ulaw/LA_E_9743538.wav,LA_E_9743538,LA_0033,test,g711_ulaw,g711_ulaw
narrowband_8k,A11,1,en,ASVspoof-corpus-terms,/media/storage/moonlab/strive-data/degraded/narrowband_8k/LA_E_9743538.wav,LA_E_9743538,LA_0033,test,narrowband_8k,narrowband
noise_10db,A11,1,en,ASVspoof-corpus-terms,/media/storage/moonlab/strive-data/degraded/noise_10db/LA_E_9743538.wav,LA_E_9743538,LA_0033,test,noise_10db,noise 10 dB SNR
clean,A07,1,en,ASVspoof-corpus-terms,/media/storage/moonlab/strive-data/degraded/clean/LA_E_8811354.wav,LA_E_8811354,LA_0037,test,clean,unmodified
opus_16k,A07,1,en,ASVspoof-corpus-terms,/media/storage/moonlab/strive-data/degraded/opus_16k/LA_E_8811354.wav,LA_E_8811354,LA_0037,test,opus_16k,opus@16k
opus_32k,A07,1,en,ASVspoof-corpus-terms,/media/storage/moonlab/strive-data/degraded/opus_32k/LA_E_8811354.wav,LA_E_8811354,LA_0037,test,opus_32k,opus@32k
g711_ulaw,A07,1,en,ASVspoof-corpus-terms,/media/storage/moonlab/strive-data/degraded/g711_ulaw/LA_E_8811354.wav,LA_E_8811354,LA_0037,test,g711_ulaw,g711_ulaw
narrowband_8k,A07,1,en,ASVspoof-corpus-terms,/media/storage/moonlab/strive-data/degraded/narrowband_8k/LA_E_8811354.wav,LA_E_8811354,LA_0037,test,narrowband_8k,narrowband
noise_10db,A07,1,en,ASVspoof-corpus-terms,/media/storage/moonlab/strive-data/degraded/noise_10db/LA_E_8811354.wav,LA_E_8811354,LA_0037,test,noise_10db,noise 10 dB SNR
clean,A08,1,en,ASVspoof-corpus-terms,/media/storage/moonlab/strive-data/degraded/clean/LA_E_7880516.wav,LA_E_7880516,LA_0003,test,clean,unmodified
opus_16k,A08,1,en,ASVspoof-corpus-terms,/media/storage/moonlab/strive-data/degraded/opus_16k/LA_E_7880516.wav,LA_E_7880516,LA_0003,test,opus_16k,opus@16k
opus_32k,A08,1,en,ASVspoof-corpus-terms,/media/storage/moonlab/strive-data/degraded/opus_32k/LA_E_7880516.wav,LA_E_7880516,LA_0003,test,opus_32k,opus@32k
g711_ulaw,A08,1,en,ASVspoof-corpus-terms,/media/storage/moonlab/strive-data/degraded/g711_ulaw/LA_E_7880516.wav,LA_E_7880516,LA_0003,test,g711_ulaw,g711_ulaw
narrowband_8k,A08,1,en,ASVspoof-corpus-terms,/media/storage/moonlab/strive-data/degraded/narrowband_8k/LA_E_7880516.wav,LA_E_7880516,LA_0003,test,narrowband_8k,narrowband
noise_10db,A08,1,en,ASVspoof-corpus-terms,/media/storage/moonlab/strive-data/degraded/noise_10db/LA_E_7880516.wav,LA_E_7880516,LA_0003,test,noise_10db,noise 10 dB SNR
clean,A14,1,en,ASVspoof-corpus-terms,/media/storage/moonlab/strive-data/degraded/clean/LA_E_7772919.wav,LA_E_7772919,LA_0040,test,clean,unmodified
opus_16k,A14,1,en,ASVspoof-corpus-terms,/media/storage/moonlab/strive-data/degraded/opus_16k/LA_E_7772919.wav,LA_E_7772919,LA_0040,test,opus_16k,opus@16k
opus_32k,A14,1,en,ASVspoof-corpus-terms,/media/storage/moonlab/strive-data/degraded/opus_32k/LA_E_7772919.wav,LA_E_7772919,LA_0040,test,opus_32k,opus@32k
g711_ulaw,A14,1,en,ASVspoof-corpus-terms,/media/storage/moonlab/strive-data/degraded/g711_ulaw/LA_E_7772919.wav,LA_E_7772919,LA_0040,test,g711_ulaw,g711_ulaw
narrowband_8k,A14,1,en,ASVspoof-corpus-terms,/media/storage/moonlab/strive-data/degraded/narrowband_8k/LA_E_7772919.wav,LA_E_7772919,LA_0040,test,narrowband_8k,narrowband
noise_10db,A14,1,en,ASVspoof-corpus-terms,/media/storage/moonlab/strive-data/degraded/noise_10db/LA_E_7772919.wav,LA_E_7772919,LA_0040,test,noise_10db,noise 10 dB SNR
clean,A10,1,en,ASVspoof-corpus-terms,/media/storage/moonlab/strive-data/degraded/clean/LA_E_3661306.wav,LA_E_3661306,LA_0020,test,clean,unmodified
opus_16k,A10,1,en,ASVspoof-corpus-terms,/media/storage/moonlab/strive-data/degraded/opus_16k/LA_E_3661306.wav,LA_E_3661306,LA_0020,test,opus_16k,opus@16k
opus_32k,A10,1,en,ASVspoof-corpus-terms,/media/storage/moonlab/strive-data/degraded/opus_32k/LA_E_3661306.wav,LA_E_3661306,LA_0020,test,opus_32k,opus@32k
g711_ulaw,A10,1,en,ASVspoof-corpus-terms,/media/storage/moonlab/strive-data/degraded/g711_ulaw/LA_E_3661306.wav,LA_E_3661306,LA_0020,test,g711_ulaw,g711_ulaw
narrowband_8k,A10,1,en,ASVspoof-corpus-terms,/media/storage/moonlab/strive-data/degraded/narrowband_8k/LA_E_3661306.wav,LA_E_3661306,LA_0020,test,narrowband_8k,narrowband
noise_10db,A10,1,en,ASVspoof-corpus-terms,/media/storage/moonlab/strive-data/degraded/noise_10db/LA_E_3661306.wav,LA_E_3661306,LA_0020,test,noise_10db,noise 10 dB SNR
clean,A10,1,en,ASVspoof-corpus-terms,/media/storage/moonlab/strive-data/degraded/clean/LA_E_3093556.wav,LA_E_3093556,LA_0024,test,clean,unmodified
opus_16k,A10,1,en,ASVspoof-corpus-terms,/media/storage/moonlab/strive-data/degraded/opus_16k/LA_E_3093556.wav,LA_E_3093556,LA_0024,test,opus_16k,opus@16k
opus_32k,A10,1,en,ASVspoof-corpus-terms,/media/storage/moonlab/strive-data/degraded/opus_32k/LA_E_3093556.wav,LA_E_3093556,LA_0024,test,opus_32k,opus@32k
g711_ulaw,A10,1,en,ASVspoof-corpus-terms,/media/storage/moonlab/strive-data/degraded/g711_ulaw/LA_E_3093556.wav,LA_E_3093556,LA_0024,test,g711_ulaw,g711_ulaw
narrowband_8k,A10,1,en,ASVspoof-corpus-terms,/media/storage/moonlab/strive-data/degraded/narrowband_8k/LA_E_3093556.wav,LA_E_3093556,LA_0024,test,narrowband_8k,narrowband
noise_10db,A10,1,en,ASVspoof-corpus-terms,/media/storage/moonlab/strive-data/degraded/noise_10db/LA_E_3093556.wav,LA_E_3093556,LA_0024,test,noise_10db,noise 10 dB SNR
clean,A15,1,en,ASVspoof-corpus-terms,/media/storage/moonlab/strive-data/degraded/clean/LA_E_2215094.wav,LA_E_2215094,LA_0004,test,clean,unmodified
opus_16k,A15,1,en,ASVspoof-corpus-terms,/media/storage/moonlab/strive-data/degraded/opus_16k/LA_E_2215094.wav,LA_E_2215094,LA_0004,test,opus_16k,opus@16k
opus_32k,A15,1,en,ASVspoof-corpus-terms,/media/storage/moonlab/strive-data/degraded/opus_32k/LA_E_2215094.wav,LA_E_2215094,LA_0004,test,opus_32k,opus@32k
g711_ulaw,A15,1,en,ASVspoof-corpus-terms,/media/storage/moonlab/strive-data/degraded/g711_ulaw/LA_E_2215094.wav,LA_E_2215094,LA_0004,test,g711_ulaw,g711_ulaw
narrowband_8k,A15,1,en,ASVspoof-corpus-terms,/media/storage/moonlab/strive-data/degraded/narrowband_8k/LA_E_2215094.wav,LA_E_2215094,LA_0004,test,narrowband_8k,narrowband
noise_10db,A15,1,en,ASVspoof-corpus-terms,/media/storage/moonlab/strive-data/degraded/noise_10db/LA_E_2215094.wav,LA_E_2215094,LA_0004,test,noise_10db,noise 10 dB SNR
clean,A09,1,en,ASVspoof-corpus-terms,/media/storage/moonlab/strive-data/degraded/clean/LA_E_4761488.wav,LA_E_4761488,LA_0042,test,clean,unmodified
opus_16k,A09,1,en,ASVspoof-corpus-terms,/media/storage/moonlab/strive-data/degraded/opus_16k/LA_E_4761488.wav,LA_E_4761488,LA_0042,test,opus_16k,opus@16k
opus_32k,A09,1,en,ASVspoof-corpus-terms,/media/storage/moonlab/strive-data/degraded/opus_32k/LA_E_4761488.wav,LA_E_4761488,LA_0042,test,opus_32k,opus@32k
g711_ulaw,A09,1,en,ASVspoof-corpus-terms,/media/storage/moonlab/strive-data/degraded/g711_ulaw/LA_E_4761488.wav,LA_E_4761488,LA_0042,test,g711_ulaw,g711_ulaw
narrowband_8k,A09,1,en,ASVspoof-corpus-terms,/media/storage/moonlab/strive-data/degraded/narrowband_8k/LA_E_4761488.wav,LA_E_4761488,LA_0042,test,narrowband_8k,narrowband
noise_10db,A09,1,en,ASVspoof-corpus-terms,/media/storage/moonlab/strive-data/degraded/noise_10db/LA_E_4761488.wav,LA_E_4761488,LA_0042,test,noise_10db,noise 10 dB SNR
clean,A18,1,en,ASVspoof-corpus-terms,/media/storage/moonlab/strive-data/degraded/clean/LA_E_3463052.wav,LA_E_3463052,LA_0009,test,clean,unmodified
opus_16k,A18,1,en,ASVspoof-corpus-terms,/media/storage/moonlab/strive-data/degraded/opus_16k/LA_E_3463052.wav,LA_E_3463052,LA_0009,test,opus_16k,opus@16k
opus_32k,A18,1,en,ASVspoof-corpus-terms,/media/storage/moonlab/strive-data/degraded/opus_32k/LA_E_3463052.wav,LA_E_3463052,LA_0009,test,opus_32k,opus@32k
g711_ulaw,A18,1,en,ASVspoof-corpus-terms,/media/storage/moonlab/strive-data/degraded/g711_ulaw/LA_E_3463052.wav,LA_E_3463052,LA_0009,test,g711_ulaw,g711_ulaw
narrowband_8k,A18,1,en,ASVspoof-corpus-terms,/media/storage/moonlab/strive-data/degraded/narrowband_8k/LA_E_3463052.wav,LA_E_3463052,LA_0009,test,narrowband_8k,narrowband
noise_10db,A18,1,en,ASVspoof-corpus-terms,/media/storage/moonlab/strive-data/degraded/noise_10db/LA_E_3463052.wav,LA_E_3463052,LA_0009,test,noise_10db,noise 10 dB SNR
clean,A13,1,en,ASVspoof-corpus-terms,/media/storage/moonlab/strive-data/degraded/clean/LA_E_6964639.wav,LA_E_6964639,LA_0035,test,clean,unmodified
opus_16k,A13,1,en,ASVspoof-corpus-terms,/media/storage/moonlab/strive-data/degraded/opus_16k/LA_E_6964639.wav,LA_E_6964639,LA_0035,test,opus_16k,opus@16k
opus_32k,A13,1,en,ASVspoof-corpus-terms,/media/storage/moonlab/strive-data/degraded/opus_32k/LA_E_6964639.wav,LA_E_6964639,LA_0035,test,opus_32k,opus@32k
g711_ulaw,A13,1,en,ASVspoof-corpus-terms,/media/storage/moonlab/strive-data/degraded/g711_ulaw/LA_E_6964639.wav,LA_E_6964639,LA_0035,test,g711_ulaw,g711_ulaw
narrowband_8k,A13,1,en,ASVspoof-corpus-terms,/media/storage/moonlab/strive-data/degraded/narrowband_8k/LA_E_6964639.wav,LA_E_6964639,LA_0035,test,narrowband_8k,narrowband
noise_10db,A13,1,en,ASVspoof-corpus-terms,/media/storage/moonlab/strive-data/degraded/noise_10db/LA_E_6964639.wav,LA_E_6964639,LA_0035,test,noise_10db,noise 10 dB SNR
clean,A07,1,en,ASVspoof-corpus-terms,/media/storage/moonlab/strive-data/degraded/clean/LA_E_6421636.wav,LA_E_6421636,LA_0024,test,clean,unmodified
opus_16k,A07,1,en,ASVspoof-corpus-terms,/media/storage/moonlab/strive-data/degraded/opus_16k/LA_E_6421636.wav,LA_E_6421636,LA_0024,test,opus_16k,opus@16k
opus_32k,A07,1,en,ASVspoof-corpus-terms,/media/storage/moonlab/strive-data/degraded/opus_32k/LA_E_6421636.wav,LA_E_6421636,LA_0024,test,opus_32k,opus@32k
g711_ulaw,A07,1,en,ASVspoof-corpus-terms,/media/storage/moonlab/strive-data/degraded/g711_ulaw/LA_E_6421636.wav,LA_E_6421636,LA_0024,test,g711_ulaw,g711_ulaw
narrowband_8k,A07,1,en,ASVspoof-corpus-terms,/media/storage/moonlab/strive-data/degraded/narrowband_8k/LA_E_6421636.wav,LA_E_6421636,LA_0024,test,narrowband_8k,narrowband
noise_10db,A07,1,en,ASVspoof-corpus-terms,/media/storage/moonlab/strive-data/degraded/noise_10db/LA_E_6421636.wav,LA_E_6421636,LA_0024,test,noise_10db,noise 10 dB SNR
clean,A18,1,en,ASVspoof-corpus-terms,/media/storage/moonlab/strive-data/degraded/clean/LA_E_7960272.wav,LA_E_7960272,LA_0026,test,clean,unmodified
opus_16k,A18,1,en,ASVspoof-corpus-terms,/media/storage/moonlab/strive-data/degraded/opus_16k/LA_E_7960272.wav,LA_E_7960272,LA_0026,test,opus_16k,opus@16k
opus_32k,A18,1,en,ASVspoof-corpus-terms,/media/storage/moonlab/strive-data/degraded/opus_32k/LA_E_7960272.wav,LA_E_7960272,LA_0026,test,opus_32k,opus@32k
g711_ulaw,A18,1,en,ASVspoof-corpus-terms,/media/storage/moonlab/strive-data/degraded/g711_ulaw/LA_E_7960272.wav,LA_E_7960272,LA_0026,test,g711_ulaw,g711_ulaw
narrowband_8k,A18,1,en,ASVspoof-corpus-terms,/media/storage/moonlab/strive-data/degraded/narrowband_8k/LA_E_7960272.wav,LA_E_7960272,LA_0026,test,narrowband_8k,narrowband
noise_10db,A18,1,en,ASVspoof-corpus-terms,/media/storage/moonlab/strive-data/degraded/noise_10db/LA_E_7960272.wav,LA_E_7960272,LA_0026,test,noise_10db,noise 10 dB SNR
clean,A13,1,en,ASVspoof-corpus-terms,/media/storage/moonlab/strive-data/degraded/clean/LA_E_8619203.wav,LA_E_8619203,LA_0039,test,clean,unmodified
opus_16k,A13,1,en,ASVspoof-corpus-terms,/media/storage/moonlab/strive-data/degraded/opus_16k/LA_E_8619203.wav,LA_E_8619203,LA_0039,test,opus_16k,opus@16k
opus_32k,A13,1,en,ASVspoof-corpus-terms,/media/storage/moonlab/strive-data/degraded/opus_32k/LA_E_8619203.wav,LA_E_8619203,LA_0039,test,opus_32k,opus@32k
g711_ulaw,A13,1,en,ASVspoof-corpus-terms,/media/storage/moonlab/strive-data/degraded/g711_ulaw/LA_E_8619203.wav,LA_E_8619203,LA_0039,test,g711_ulaw,g711_ulaw
narrowband_8k,A13,1,en,ASVspoof-corpus-terms,/media/storage/moonlab/strive-data/degraded/narrowband_8k/LA_E_8619203.wav,LA_E_8619203,LA_0039,test,narrowband_8k,narrowband
noise_10db,A13,1,en,ASVspoof-corpus-terms,/media/storage/moonlab/strive-data/degraded/noise_10db/LA_E_8619203.wav,LA_E_8619203,LA_0039,test,noise_10db,noise 10 dB SNR
clean,A19,1,en,ASVspoof-corpus-terms,/media/storage/moonlab/strive-data/degraded/clean/LA_E_8658179.wav,LA_E_8658179,LA_0032,test,clean,unmodified
opus_16k,A19,1,en,ASVspoof-corpus-terms,/media/storage/moonlab/strive-data/degraded/opus_16k/LA_E_8658179.wav,LA_E_8658179,LA_0032,test,opus_16k,opus@16k
opus_32k,A19,1,en,ASVspoof-corpus-terms,/media/storage/moonlab/strive-data/degraded/opus_32k/LA_E_8658179.wav,LA_E_8658179,LA_0032,test,opus_32k,opus@32k
g711_ulaw,A19,1,en,ASVspoof-corpus-terms,/media/storage/moonlab/strive-data/degraded/g711_ulaw/LA_E_8658179.wav,LA_E_8658179,LA_0032,test,g711_ulaw,g711_ulaw
narrowband_8k,A19,1,en,ASVspoof-corpus-terms,/media/storage/moonlab/strive-data/degraded/narrowband_8k/LA_E_8658179.wav,LA_E_8658179,LA_0032,test,narrowband_8k,narrowband
noise_10db,A19,1,en,ASVspoof-corpus-terms,/media/storage/moonlab/strive-data/degraded/noise_10db/LA_E_8658179.wav,LA_E_8658179,LA_0032,test,noise_10db,noise 10 dB SNR
clean,A19,1,en,ASVspoof-corpus-terms,/media/storage/moonlab/strive-data/degraded/clean/LA_E_6353121.wav,LA_E_6353121,LA_0048,test,clean,unmodified
opus_16k,A19,1,en,ASVspoof-corpus-terms,/media/storage/moonlab/strive-data/degraded/opus_16k/LA_E_6353121.wav,LA_E_6353121,LA_0048,test,opus_16k,opus@16k
opus_32k,A19,1,en,ASVspoof-corpus-terms,/media/storage/moonlab/strive-data/degraded/opus_32k/LA_E_6353121.wav,LA_E_6353121,LA_0048,test,opus_32k,opus@32k
g711_ulaw,A19,1,en,ASVspoof-corpus-terms,/media/storage/moonlab/strive-data/degraded/g711_ulaw/LA_E_6353121.wav,LA_E_6353121,LA_0048,test,g711_ulaw,g711_ulaw
narrowband_8k,A19,1,en,ASVspoof-corpus-terms,/media/storage/moonlab/strive-data/degraded/narrowband_8k/LA_E_6353121.wav,LA_E_6353121,LA_0048,test,narrowband_8k,narrowband
noise_10db,A19,1,en,ASVspoof-corpus-terms,/media/storage/moonlab/strive-data/degraded/noise_10db/LA_E_6353121.wav,LA_E_6353121,LA_0048,test,noise_10db,noise 10 dB SNR
clean,A18,1,en,ASVspoof-corpus-terms,/media/storage/moonlab/strive-data/degraded/clean/LA_E_4615856.wav,LA_E_4615856,LA_0014,test,clean,unmodified
opus_16k,A18,1,en,ASVspoof-corpus-terms,/media/storage/moonlab/strive-data/degraded/opus_16k/LA_E_4615856.wav,LA_E_4615856,LA_0014,test,opus_16k,opus@16k
opus_32k,A18,1,en,ASVspoof-corpus-terms,/media/storage/moonlab/strive-data/degraded/opus_32k/LA_E_4615856.wav,LA_E_4615856,LA_0014,test,opus_32k,opus@32k
g711_ulaw,A18,1,en,ASVspoof-corpus-terms,/media/storage/moonlab/strive-data/degraded/g711_ulaw/LA_E_4615856.wav,LA_E_4615856,LA_0014,test,g711_ulaw,g711_ulaw
narrowband_8k,A18,1,en,ASVspoof-corpus-terms,/media/storage/moonlab/strive-data/degraded/narrowband_8k/LA_E_4615856.wav,LA_E_4615856,LA_0014,test,narrowband_8k,narrowband
noise_10db,A18,1,en,ASVspoof-corpus-terms,/media/storage/moonlab/strive-data/degraded/noise_10db/LA_E_4615856.wav,LA_E_4615856,LA_0014,test,noise_10db,noise 10 dB SNR
clean,A14,1,en,ASVspoof-corpus-terms,/media/storage/moonlab/strive-data/degraded/clean/LA_E_5976471.wav,LA_E_5976471,LA_0047,test,clean,unmodified
opus_16k,A14,1,en,ASVspoof-corpus-terms,/media/storage/moonlab/strive-data/degraded/opus_16k/LA_E_5976471.wav,LA_E_5976471,LA_0047,test,opus_16k,opus@16k
opus_32k,A14,1,en,ASVspoof-corpus-terms,/media/storage/moonlab/strive-data/degraded/opus_32k/LA_E_5976471.wav,LA_E_5976471,LA_0047,test,opus_32k,opus@32k
g711_ulaw,A14,1,en,ASVspoof-corpus-terms,/media/storage/moonlab/strive-data/degraded/g711_ulaw/LA_E_5976471.wav,LA_E_5976471,LA_0047,test,g711_ulaw,g711_ulaw
narrowband_8k,A14,1,en,ASVspoof-corpus-terms,/media/storage/moonlab/strive-data/degraded/narrowband_8k/LA_E_5976471.wav,LA_E_5976471,LA_0047,test,narrowband_8k,narrowband
noise_10db,A14,1,en,ASVspoof-corpus-terms,/media/storage/moonlab/strive-data/degraded/noise_10db/LA_E_5976471.wav,LA_E_5976471,LA_0047,test,noise_10db,noise 10 dB SNR
clean,A15,1,en,ASVspoof-corpus-terms,/media/storage/moonlab/strive-data/degraded/clean/LA_E_9727821.wav,LA_E_9727821,LA_0009,test,clean,unmodified
opus_16k,A15,1,en,ASVspoof-corpus-terms,/media/storage/moonlab/strive-data/degraded/opus_16k/LA_E_9727821.wav,LA_E_9727821,LA_0009,test,opus_16k,opus@16k
opus_32k,A15,1,en,ASVspoof-corpus-terms,/media/storage/moonlab/strive-data/degraded/opus_32k/LA_E_9727821.wav,LA_E_9727821,LA_0009,test,opus_32k,opus@32k
g711_ulaw,A15,1,en,ASVspoof-corpus-terms,/media/storage/moonlab/strive-data/degraded/g711_ulaw/LA_E_9727821.wav,LA_E_9727821,LA_0009,test,g711_ulaw,g711_ulaw
narrowband_8k,A15,1,en,ASVspoof-corpus-terms,/media/storage/moonlab/strive-data/degraded/narrowband_8k/LA_E_9727821.wav,LA_E_9727821,LA_0009,test,narrowband_8k,narrowband
noise_10db,A15,1,en,ASVspoof-corpus-terms,/media/storage/moonlab/strive-data/degraded/noise_10db/LA_E_9727821.wav,LA_E_9727821,LA_0009,test,noise_10db,noise 10 dB SNR
clean,A08,1,en,ASVspoof-corpus-terms,/media/storage/moonlab/strive-data/degraded/clean/LA_E_4288095.wav,LA_E_4288095,LA_0041,test,clean,unmodified
opus_16k,A08,1,en,ASVspoof-corpus-terms,/media/storage/moonlab/strive-data/degraded/opus_16k/LA_E_4288095.wav,LA_E_4288095,LA_0041,test,opus_16k,opus@16k
opus_32k,A08,1,en,ASVspoof-corpus-terms,/media/storage/moonlab/strive-data/degraded/opus_32k/LA_E_4288095.wav,LA_E_4288095,LA_0041,test,opus_32k,opus@32k
g711_ulaw,A08,1,en,ASVspoof-corpus-terms,/media/storage/moonlab/strive-data/degraded/g711_ulaw/LA_E_4288095.wav,LA_E_4288095,LA_0041,test,g711_ulaw,g711_ulaw
narrowband_8k,A08,1,en,ASVspoof-corpus-terms,/media/storage/moonlab/strive-data/degraded/narrowband_8k/LA_E_4288095.wav,LA_E_4288095,LA_0041,test,narrowband_8k,narrowband
noise_10db,A08,1,en,ASVspoof-corpus-terms,/media/storage/moonlab/strive-data/degraded/noise_10db/LA_E_4288095.wav,LA_E_4288095,LA_0041,test,noise_10db,noise 10 dB SNR
clean,A09,1,en,ASVspoof-corpus-terms,/media/storage/moonlab/strive-data/degraded/clean/LA_E_1407546.wav,LA_E_1407546,LA_0018,test,clean,unmodified
opus_16k,A09,1,en,ASVspoof-corpus-terms,/media/storage/moonlab/strive-data/degraded/opus_16k/LA_E_1407546.wav,LA_E_1407546,LA_0018,test,opus_16k,opus@16k
opus_32k,A09,1,en,ASVspoof-corpus-terms,/media/storage/moonlab/strive-data/degraded/opus_32k/LA_E_1407546.wav,LA_E_1407546,LA_0018,test,opus_32k,opus@32k
g711_ulaw,A09,1,en,ASVspoof-corpus-terms,/media/storage/moonlab/strive-data/degraded/g711_ulaw/LA_E_1407546.wav,LA_E_1407546,LA_0018,test,g711_ulaw,g711_ulaw
narrowband_8k,A09,1,en,ASVspoof-corpus-terms,/media/storage/moonlab/strive-data/degraded/narrowband_8k/LA_E_1407546.wav,LA_E_1407546,LA_0018,test,narrowband_8k,narrowband
noise_10db,A09,1,en,ASVspoof-corpus-terms,/media/storage/moonlab/strive-data/degraded/noise_10db/LA_E_1407546.wav,LA_E_1407546,LA_0018,test,noise_10db,noise 10 dB SNR
clean,A10,1,en,ASVspoof-corpus-terms,/media/storage/moonlab/strive-data/degraded/clean/LA_E_7928181.wav,LA_E_7928181,LA_0037,test,clean,unmodified
opus_16k,A10,1,en,ASVspoof-corpus-terms,/media/storage/moonlab/strive-data/degraded/opus_16k/LA_E_7928181.wav,LA_E_7928181,LA_0037,test,opus_16k,opus@16k
opus_32k,A10,1,en,ASVspoof-corpus-terms,/media/storage/moonlab/strive-data/degraded/opus_32k/LA_E_7928181.wav,LA_E_7928181,LA_0037,test,opus_32k,opus@32k
g711_ulaw,A10,1,en,ASVspoof-corpus-terms,/media/storage/moonlab/strive-data/degraded/g711_ulaw/LA_E_7928181.wav,LA_E_7928181,LA_0037,test,g711_ulaw,g711_ulaw
narrowband_8k,A10,1,en,ASVspoof-corpus-terms,/media/storage/moonlab/strive-data/degraded/narrowband_8k/LA_E_7928181.wav,LA_E_7928181,LA_0037,test,narrowband_8k,narrowband
noise_10db,A10,1,en,ASVspoof-corpus-terms,/media/storage/moonlab/strive-data/degraded/noise_10db/LA_E_7928181.wav,LA_E_7928181,LA_0037,test,noise_10db,noise 10 dB SNR
clean,A08,1,en,ASVspoof-corpus-terms,/media/storage/moonlab/strive-data/degraded/clean/LA_E_4636375.wav,LA_E_4636375,LA_0027,test,clean,unmodified
opus_16k,A08,1,en,ASVspoof-corpus-terms,/media/storage/moonlab/strive-data/degraded/opus_16k/LA_E_4636375.wav,LA_E_4636375,LA_0027,test,opus_16k,opus@16k
opus_32k,A08,1,en,ASVspoof-corpus-terms,/media/storage/moonlab/strive-data/degraded/opus_32k/LA_E_4636375.wav,LA_E_4636375,LA_0027,test,opus_32k,opus@32k
g711_ulaw,A08,1,en,ASVspoof-corpus-terms,/media/storage/moonlab/strive-data/degraded/g711_ulaw/LA_E_4636375.wav,LA_E_4636375,LA_0027,test,g711_ulaw,g711_ulaw
narrowband_8k,A08,1,en,ASVspoof-corpus-terms,/media/storage/moonlab/strive-data/degraded/narrowband_8k/LA_E_4636375.wav,LA_E_4636375,LA_0027,test,narrowband_8k,narrowband
noise_10db,A08,1,en,ASVspoof-corpus-terms,/media/storage/moonlab/strive-data/degraded/noise_10db/LA_E_4636375.wav,LA_E_4636375,LA_0027,test,noise_10db,noise 10 dB SNR
clean,A15,1,en,ASVspoof-corpus-terms,/media/storage/moonlab/strive-data/degraded/clean/LA_E_5438708.wav,LA_E_5438708,LA_0026,test,clean,unmodified
opus_16k,A15,1,en,ASVspoof-corpus-terms,/media/storage/moonlab/strive-data/degraded/opus_16k/LA_E_5438708.wav,LA_E_5438708,LA_0026,test,opus_16k,opus@16k
opus_32k,A15,1,en,ASVspoof-corpus-terms,/media/storage/moonlab/strive-data/degraded/opus_32k/LA_E_5438708.wav,LA_E_5438708,LA_0026,test,opus_32k,opus@32k
g711_ulaw,A15,1,en,ASVspoof-corpus-terms,/media/storage/moonlab/strive-data/degraded/g711_ulaw/LA_E_5438708.wav,LA_E_5438708,LA_0026,test,g711_ulaw,g711_ulaw
narrowband_8k,A15,1,en,ASVspoof-corpus-terms,/media/storage/moonlab/strive-data/degraded/narrowband_8k/LA_E_5438708.wav,LA_E_5438708,LA_0026,test,narrowband_8k,narrowband
noise_10db,A15,1,en,ASVspoof-corpus-terms,/media/storage/moonlab/strive-data/degraded/noise_10db/LA_E_5438708.wav,LA_E_5438708,LA_0026,test,noise_10db,noise 10 dB SNR
clean,A10,1,en,ASVspoof-corpus-terms,/media/storage/moonlab/strive-data/degraded/clean/LA_E_4814766.wav,LA_E_4814766,LA_0034,test,clean,unmodified
opus_16k,A10,1,en,ASVspoof-corpus-terms,/media/storage/moonlab/strive-data/degraded/opus_16k/LA_E_4814766.wav,LA_E_4814766,LA_0034,test,opus_16k,opus@16k
opus_32k,A10,1,en,ASVspoof-corpus-terms,/media/storage/moonlab/strive-data/degraded/opus_32k/LA_E_4814766.wav,LA_E_4814766,LA_0034,test,opus_32k,opus@32k
g711_ulaw,A10,1,en,ASVspoof-corpus-terms,/media/storage/moonlab/strive-data/degraded/g711_ulaw/LA_E_4814766.wav,LA_E_4814766,LA_0034,test,g711_ulaw,g711_ulaw
narrowband_8k,A10,1,en,ASVspoof-corpus-terms,/media/storage/moonlab/strive-data/degraded/narrowband_8k/LA_E_4814766.wav,LA_E_4814766,LA_0034,test,narrowband_8k,narrowband
noise_10db,A10,1,en,ASVspoof-corpus-terms,/media/storage/moonlab/strive-data/degraded/noise_10db/LA_E_4814766.wav,LA_E_4814766,LA_0034,test,noise_10db,noise 10 dB SNR
clean,A09,1,en,ASVspoof-corpus-terms,/media/storage/moonlab/strive-data/degraded/clean/LA_E_1221490.wav,LA_E_1221490,LA_0033,test,clean,unmodified
opus_16k,A09,1,en,ASVspoof-corpus-terms,/media/storage/moonlab/strive-data/degraded/opus_16k/LA_E_1221490.wav,LA_E_1221490,LA_0033,test,opus_16k,opus@16k
opus_32k,A09,1,en,ASVspoof-corpus-terms,/media/storage/moonlab/strive-data/degraded/opus_32k/LA_E_1221490.wav,LA_E_1221490,LA_0033,test,opus_32k,opus@32k
g711_ulaw,A09,1,en,ASVspoof-corpus-terms,/media/storage/moonlab/strive-data/degraded/g711_ulaw/LA_E_1221490.wav,LA_E_1221490,LA_0033,test,g711_ulaw,g711_ulaw
narrowband_8k,A09,1,en,ASVspoof-corpus-terms,/media/storage/moonlab/strive-data/degraded/narrowband_8k/LA_E_1221490.wav,LA_E_1221490,LA_0033,test,narrowband_8k,narrowband
noise_10db,A09,1,en,ASVspoof-corpus-terms,/media/storage/moonlab/strive-data/degraded/noise_10db/LA_E_1221490.wav,LA_E_1221490,LA_0033,test,noise_10db,noise 10 dB SNR
clean,A14,1,en,ASVspoof-corpus-terms,/media/storage/moonlab/strive-data/degraded/clean/LA_E_6151054.wav,LA_E_6151054,LA_0038,test,clean,unmodified
opus_16k,A14,1,en,ASVspoof-corpus-terms,/media/storage/moonlab/strive-data/degraded/opus_16k/LA_E_6151054.wav,LA_E_6151054,LA_0038,test,opus_16k,opus@16k
opus_32k,A14,1,en,ASVspoof-corpus-terms,/media/storage/moonlab/strive-data/degraded/opus_32k/LA_E_6151054.wav,LA_E_6151054,LA_0038,test,opus_32k,opus@32k
g711_ulaw,A14,1,en,ASVspoof-corpus-terms,/media/storage/moonlab/strive-data/degraded/g711_ulaw/LA_E_6151054.wav,LA_E_6151054,LA_0038,test,g711_ulaw,g711_ulaw
narrowband_8k,A14,1,en,ASVspoof-corpus-terms,/media/storage/moonlab/strive-data/degraded/narrowband_8k/LA_E_6151054.wav,LA_E_6151054,LA_0038,test,narrowband_8k,narrowband
noise_10db,A14,1,en,ASVspoof-corpus-terms,/media/storage/moonlab/strive-data/degraded/noise_10db/LA_E_6151054.wav,LA_E_6151054,LA_0038,test,noise_10db,noise 10 dB SNR
clean,A07,1,en,ASVspoof-corpus-terms,/media/storage/moonlab/strive-data/degraded/clean/LA_E_6936076.wav,LA_E_6936076,LA_0001,test,clean,unmodified
opus_16k,A07,1,en,ASVspoof-corpus-terms,/media/storage/moonlab/strive-data/degraded/opus_16k/LA_E_6936076.wav,LA_E_6936076,LA_0001,test,opus_16k,opus@16k
opus_32k,A07,1,en,ASVspoof-corpus-terms,/media/storage/moonlab/strive-data/degraded/opus_32k/LA_E_6936076.wav,LA_E_6936076,LA_0001,test,opus_32k,opus@32k
g711_ulaw,A07,1,en,ASVspoof-corpus-terms,/media/storage/moonlab/strive-data/degraded/g711_ulaw/LA_E_6936076.wav,LA_E_6936076,LA_0001,test,g711_ulaw,g711_ulaw
narrowband_8k,A07,1,en,ASVspoof-corpus-terms,/media/storage/moonlab/strive-data/degraded/narrowband_8k/LA_E_6936076.wav,LA_E_6936076,LA_0001,test,narrowband_8k,narrowband
noise_10db,A07,1,en,ASVspoof-corpus-terms,/media/storage/moonlab/strive-data/degraded/noise_10db/LA_E_6936076.wav,LA_E_6936076,LA_0001,test,noise_10db,noise 10 dB SNR
clean,A10,1,en,ASVspoof-corpus-terms,/media/storage/moonlab/strive-data/degraded/clean/LA_E_9506616.wav,LA_E_9506616,LA_0016,test,clean,unmodified
opus_16k,A10,1,en,ASVspoof-corpus-terms,/media/storage/moonlab/strive-data/degraded/opus_16k/LA_E_9506616.wav,LA_E_9506616,LA_0016,test,opus_16k,opus@16k
opus_32k,A10,1,en,ASVspoof-corpus-terms,/media/storage/moonlab/strive-data/degraded/opus_32k/LA_E_9506616.wav,LA_E_9506616,LA_0016,test,opus_32k,opus@32k
g711_ulaw,A10,1,en,ASVspoof-corpus-terms,/media/storage/moonlab/strive-data/degraded/g711_ulaw/LA_E_9506616.wav,LA_E_9506616,LA_0016,test,g711_ulaw,g711_ulaw
narrowband_8k,A10,1,en,ASVspoof-corpus-terms,/media/storage/moonlab/strive-data/degraded/narrowband_8k/LA_E_9506616.wav,LA_E_9506616,LA_0016,test,narrowband_8k,narrowband
noise_10db,A10,1,en,ASVspoof-corpus-terms,/media/storage/moonlab/strive-data/degraded/noise_10db/LA_E_9506616.wav,LA_E_9506616,LA_0016,test,noise_10db,noise 10 dB SNR
clean,A17,1,en,ASVspoof-corpus-terms,/media/storage/moonlab/strive-data/degraded/clean/LA_E_7067632.wav,LA_E_7067632,LA_0026,test,clean,unmodified
opus_16k,A17,1,en,ASVspoof-corpus-terms,/media/storage/moonlab/strive-data/degraded/opus_16k/LA_E_7067632.wav,LA_E_7067632,LA_0026,test,opus_16k,opus@16k
opus_32k,A17,1,en,ASVspoof-corpus-terms,/media/storage/moonlab/strive-data/degraded/opus_32k/LA_E_7067632.wav,LA_E_7067632,LA_0026,test,opus_32k,opus@32k
g711_ulaw,A17,1,en,ASVspoof-corpus-terms,/media/storage/moonlab/strive-data/degraded/g711_ulaw/LA_E_7067632.wav,LA_E_7067632,LA_0026,test,g711_ulaw,g711_ulaw
narrowband_8k,A17,1,en,ASVspoof-corpus-terms,/media/storage/moonlab/strive-data/degraded/narrowband_8k/LA_E_7067632.wav,LA_E_7067632,LA_0026,test,narrowband_8k,narrowband
noise_10db,A17,1,en,ASVspoof-corpus-terms,/media/storage/moonlab/strive-data/degraded/noise_10db/LA_E_7067632.wav,LA_E_7067632,LA_0026,test,noise_10db,noise 10 dB SNR
clean,A16,1,en,ASVspoof-corpus-terms,/media/storage/moonlab/strive-data/degraded/clean/LA_E_8376811.wav,LA_E_8376811,LA_0031,test,clean,unmodified
opus_16k,A16,1,en,ASVspoof-corpus-terms,/media/storage/moonlab/strive-data/degraded/opus_16k/LA_E_8376811.wav,LA_E_8376811,LA_0031,test,opus_16k,opus@16k
opus_32k,A16,1,en,ASVspoof-corpus-terms,/media/storage/moonlab/strive-data/degraded/opus_32k/LA_E_8376811.wav,LA_E_8376811,LA_0031,test,opus_32k,opus@32k
g711_ulaw,A16,1,en,ASVspoof-corpus-terms,/media/storage/moonlab/strive-data/degraded/g711_ulaw/LA_E_8376811.wav,LA_E_8376811,LA_0031,test,g711_ulaw,g711_ulaw
narrowband_8k,A16,1,en,ASVspoof-corpus-terms,/media/storage/moonlab/strive-data/degraded/narrowband_8k/LA_E_8376811.wav,LA_E_8376811,LA_0031,test,narrowband_8k,narrowband
noise_10db,A16,1,en,ASVspoof-corpus-terms,/media/storage/moonlab/strive-data/degraded/noise_10db/LA_E_8376811.wav,LA_E_8376811,LA_0031,test,noise_10db,noise 10 dB SNR
clean,A17,1,en,ASVspoof-corpus-terms,/media/storage/moonlab/strive-data/degraded/clean/LA_E_4235470.wav,LA_E_4235470,LA_0010,test,clean,unmodified
opus_16k,A17,1,en,ASVspoof-corpus-terms,/media/storage/moonlab/strive-data/degraded/opus_16k/LA_E_4235470.wav,LA_E_4235470,LA_0010,test,opus_16k,opus@16k
opus_32k,A17,1,en,ASVspoof-corpus-terms,/media/storage/moonlab/strive-data/degraded/opus_32k/LA_E_4235470.wav,LA_E_4235470,LA_0010,test,opus_32k,opus@32k
g711_ulaw,A17,1,en,ASVspoof-corpus-terms,/media/storage/moonlab/strive-data/degraded/g711_ulaw/LA_E_4235470.wav,LA_E_4235470,LA_0010,test,g711_ulaw,g711_ulaw
narrowband_8k,A17,1,en,ASVspoof-corpus-terms,/media/storage/moonlab/strive-data/degraded/narrowband_8k/LA_E_4235470.wav,LA_E_4235470,LA_0010,test,narrowband_8k,narrowband
noise_10db,A17,1,en,ASVspoof-corpus-terms,/media/storage/moonlab/strive-data/degraded/noise_10db/LA_E_4235470.wav,LA_E_4235470,LA_0010,test,noise_10db,noise 10 dB SNR
clean,A17,1,en,ASVspoof-corpus-terms,/media/storage/moonlab/strive-data/degraded/clean/LA_E_5957132.wav,LA_E_5957132,LA_0022,test,clean,unmodified
opus_16k,A17,1,en,ASVspoof-corpus-terms,/media/storage/moonlab/strive-data/degraded/opus_16k/LA_E_5957132.wav,LA_E_5957132,LA_0022,test,opus_16k,opus@16k
opus_32k,A17,1,en,ASVspoof-corpus-terms,/media/storage/moonlab/strive-data/degraded/opus_32k/LA_E_5957132.wav,LA_E_5957132,LA_0022,test,opus_32k,opus@32k
g711_ulaw,A17,1,en,ASVspoof-corpus-terms,/media/storage/moonlab/strive-data/degraded/g711_ulaw/LA_E_5957132.wav,LA_E_5957132,LA_0022,test,g711_ulaw,g711_ulaw
narrowband_8k,A17,1,en,ASVspoof-corpus-terms,/media/storage/moonlab/strive-data/degraded/narrowband_8k/LA_E_5957132.wav,LA_E_5957132,LA_0022,test,narrowband_8k,narrowband
noise_10db,A17,1,en,ASVspoof-corpus-terms,/media/storage/moonlab/strive-data/degraded/noise_10db/LA_E_5957132.wav,LA_E_5957132,LA_0022,test,noise_10db,noise 10 dB SNR
clean,A09,1,en,ASVspoof-corpus-terms,/media/storage/moonlab/strive-data/degraded/clean/LA_E_6844992.wav,LA_E_6844992,LA_0019,test,clean,unmodified
opus_16k,A09,1,en,ASVspoof-corpus-terms,/media/storage/moonlab/strive-data/degraded/opus_16k/LA_E_6844992.wav,LA_E_6844992,LA_0019,test,opus_16k,opus@16k
opus_32k,A09,1,en,ASVspoof-corpus-terms,/media/storage/moonlab/strive-data/degraded/opus_32k/LA_E_6844992.wav,LA_E_6844992,LA_0019,test,opus_32k,opus@32k
g711_ulaw,A09,1,en,ASVspoof-corpus-terms,/media/storage/moonlab/strive-data/degraded/g711_ulaw/LA_E_6844992.wav,LA_E_6844992,LA_0019,test,g711_ulaw,g711_ulaw
narrowband_8k,A09,1,en,ASVspoof-corpus-terms,/media/storage/moonlab/strive-data/degraded/narrowband_8k/LA_E_6844992.wav,LA_E_6844992,LA_0019,test,narrowband_8k,narrowband
noise_10db,A09,1,en,ASVspoof-corpus-terms,/media/storage/moonlab/strive-data/degraded/noise_10db/LA_E_6844992.wav,LA_E_6844992,LA_0019,test,noise_10db,noise 10 dB SNR
clean,A09,1,en,ASVspoof-corpus-terms,/media/storage/moonlab/strive-data/degraded/clean/LA_E_7902845.wav,LA_E_7902845,LA_0009,test,clean,unmodified
opus_16k,A09,1,en,ASVspoof-corpus-terms,/media/storage/moonlab/strive-data/degraded/opus_16k/LA_E_7902845.wav,LA_E_7902845,LA_0009,test,opus_16k,opus@16k
opus_32k,A09,1,en,ASVspoof-corpus-terms,/media/storage/moonlab/strive-data/degraded/opus_32k/LA_E_7902845.wav,LA_E_7902845,LA_0009,test,opus_32k,opus@32k
g711_ulaw,A09,1,en,ASVspoof-corpus-terms,/media/storage/moonlab/strive-data/degraded/g711_ulaw/LA_E_7902845.wav,LA_E_7902845,LA_0009,test,g711_ulaw,g711_ulaw
narrowband_8k,A09,1,en,ASVspoof-corpus-terms,/media/storage/moonlab/strive-data/degraded/narrowband_8k/LA_E_7902845.wav,LA_E_7902845,LA_0009,test,narrowband_8k,narrowband
noise_10db,A09,1,en,ASVspoof-corpus-terms,/media/storage/moonlab/strive-data/degraded/noise_10db/LA_E_7902845.wav,LA_E_7902845,LA_0009,test,noise_10db,noise 10 dB SNR
clean,A18,1,en,ASVspoof-corpus-terms,/media/storage/moonlab/strive-data/degraded/clean/LA_E_1880298.wav,LA_E_1880298,LA_0022,test,clean,unmodified
opus_16k,A18,1,en,ASVspoof-corpus-terms,/media/storage/moonlab/strive-data/degraded/opus_16k/LA_E_1880298.wav,LA_E_1880298,LA_0022,test,opus_16k,opus@16k
opus_32k,A18,1,en,ASVspoof-corpus-terms,/media/storage/moonlab/strive-data/degraded/opus_32k/LA_E_1880298.wav,LA_E_1880298,LA_0022,test,opus_32k,opus@32k
g711_ulaw,A18,1,en,ASVspoof-corpus-terms,/media/storage/moonlab/strive-data/degraded/g711_ulaw/LA_E_1880298.wav,LA_E_1880298,LA_0022,test,g711_ulaw,g711_ulaw
narrowband_8k,A18,1,en,ASVspoof-corpus-terms,/media/storage/moonlab/strive-data/degraded/narrowband_8k/LA_E_1880298.wav,LA_E_1880298,LA_0022,test,narrowband_8k,narrowband
noise_10db,A18,1,en,ASVspoof-corpus-terms,/media/storage/moonlab/strive-data/degraded/noise_10db/LA_E_1880298.wav,LA_E_1880298,LA_0022,test,noise_10db,noise 10 dB SNR
clean,A16,1,en,ASVspoof-corpus-terms,/media/storage/moonlab/strive-data/degraded/clean/LA_E_2306645.wav,LA_E_2306645,LA_0034,test,clean,unmodified
opus_16k,A16,1,en,ASVspoof-corpus-terms,/media/storage/moonlab/strive-data/degraded/opus_16k/LA_E_2306645.wav,LA_E_2306645,LA_0034,test,opus_16k,opus@16k
opus_32k,A16,1,en,ASVspoof-corpus-terms,/media/storage/moonlab/strive-data/degraded/opus_32k/LA_E_2306645.wav,LA_E_2306645,LA_0034,test,opus_32k,opus@32k
g711_ulaw,A16,1,en,ASVspoof-corpus-terms,/media/storage/moonlab/strive-data/degraded/g711_ulaw/LA_E_2306645.wav,LA_E_2306645,LA_0034,test,g711_ulaw,g711_ulaw
narrowband_8k,A16,1,en,ASVspoof-corpus-terms,/media/storage/moonlab/strive-data/degraded/narrowband_8k/LA_E_2306645.wav,LA_E_2306645,LA_0034,test,narrowband_8k,narrowband
noise_10db,A16,1,en,ASVspoof-corpus-terms,/media/storage/moonlab/strive-data/degraded/noise_10db/LA_E_2306645.wav,LA_E_2306645,LA_0034,test,noise_10db,noise 10 dB SNR
clean,A13,1,en,ASVspoof-corpus-terms,/media/storage/moonlab/strive-data/degraded/clean/LA_E_8987463.wav,LA_E_8987463,LA_0027,test,clean,unmodified
opus_16k,A13,1,en,ASVspoof-corpus-terms,/media/storage/moonlab/strive-data/degraded/opus_16k/LA_E_8987463.wav,LA_E_8987463,LA_0027,test,opus_16k,opus@16k
opus_32k,A13,1,en,ASVspoof-corpus-terms,/media/storage/moonlab/strive-data/degraded/opus_32k/LA_E_8987463.wav,LA_E_8987463,LA_0027,test,opus_32k,opus@32k
g711_ulaw,A13,1,en,ASVspoof-corpus-terms,/media/storage/moonlab/strive-data/degraded/g711_ulaw/LA_E_8987463.wav,LA_E_8987463,LA_0027,test,g711_ulaw,g711_ulaw
narrowband_8k,A13,1,en,ASVspoof-corpus-terms,/media/storage/moonlab/strive-data/degraded/narrowband_8k/LA_E_8987463.wav,LA_E_8987463,LA_0027,test,narrowband_8k,narrowband
noise_10db,A13,1,en,ASVspoof-corpus-terms,/media/storage/moonlab/strive-data/degraded/noise_10db/LA_E_8987463.wav,LA_E_8987463,LA_0027,test,noise_10db,noise 10 dB SNR
clean,A09,1,en,ASVspoof-corpus-terms,/media/storage/moonlab/strive-data/degraded/clean/LA_E_4876679.wav,LA_E_4876679,LA_0027,test,clean,unmodified
opus_16k,A09,1,en,ASVspoof-corpus-terms,/media/storage/moonlab/strive-data/degraded/opus_16k/LA_E_4876679.wav,LA_E_4876679,LA_0027,test,opus_16k,opus@16k
opus_32k,A09,1,en,ASVspoof-corpus-terms,/media/storage/moonlab/strive-data/degraded/opus_32k/LA_E_4876679.wav,LA_E_4876679,LA_0027,test,opus_32k,opus@32k
g711_ulaw,A09,1,en,ASVspoof-corpus-terms,/media/storage/moonlab/strive-data/degraded/g711_ulaw/LA_E_4876679.wav,LA_E_4876679,LA_0027,test,g711_ulaw,g711_ulaw
narrowband_8k,A09,1,en,ASVspoof-corpus-terms,/media/storage/moonlab/strive-data/degraded/narrowband_8k/LA_E_4876679.wav,LA_E_4876679,LA_0027,test,narrowband_8k,narrowband
noise_10db,A09,1,en,ASVspoof-corpus-terms,/media/storage/moonlab/strive-data/degraded/noise_10db/LA_E_4876679.wav,LA_E_4876679,LA_0027,test,noise_10db,noise 10 dB SNR
clean,A15,1,en,ASVspoof-corpus-terms,/media/storage/moonlab/strive-data/degraded/clean/LA_E_7304573.wav,LA_E_7304573,LA_0006,test,clean,unmodified
opus_16k,A15,1,en,ASVspoof-corpus-terms,/media/storage/moonlab/strive-data/degraded/opus_16k/LA_E_7304573.wav,LA_E_7304573,LA_0006,test,opus_16k,opus@16k
opus_32k,A15,1,en,ASVspoof-corpus-terms,/media/storage/moonlab/strive-data/degraded/opus_32k/LA_E_7304573.wav,LA_E_7304573,LA_0006,test,opus_32k,opus@32k
g711_ulaw,A15,1,en,ASVspoof-corpus-terms,/media/storage/moonlab/strive-data/degraded/g711_ulaw/LA_E_7304573.wav,LA_E_7304573,LA_0006,test,g711_ulaw,g711_ulaw
narrowband_8k,A15,1,en,ASVspoof-corpus-terms,/media/storage/moonlab/strive-data/degraded/narrowband_8k/LA_E_7304573.wav,LA_E_7304573,LA_0006,test,narrowband_8k,narrowband
noise_10db,A15,1,en,ASVspoof-corpus-terms,/media/storage/moonlab/strive-data/degraded/noise_10db/LA_E_7304573.wav,LA_E_7304573,LA_0006,test,noise_10db,noise 10 dB SNR
clean,A17,1,en,ASVspoof-corpus-terms,/media/storage/moonlab/strive-data/degraded/clean/LA_E_6784178.wav,LA_E_6784178,LA_0005,test,clean,unmodified
opus_16k,A17,1,en,ASVspoof-corpus-terms,/media/storage/moonlab/strive-data/degraded/opus_16k/LA_E_6784178.wav,LA_E_6784178,LA_0005,test,opus_16k,opus@16k
opus_32k,A17,1,en,ASVspoof-corpus-terms,/media/storage/moonlab/strive-data/degraded/opus_32k/LA_E_6784178.wav,LA_E_6784178,LA_0005,test,opus_32k,opus@32k
g711_ulaw,A17,1,en,ASVspoof-corpus-terms,/media/storage/moonlab/strive-data/degraded/g711_ulaw/LA_E_6784178.wav,LA_E_6784178,LA_0005,test,g711_ulaw,g711_ulaw
narrowband_8k,A17,1,en,ASVspoof-corpus-terms,/media/storage/moonlab/strive-data/degraded/narrowband_8k/LA_E_6784178.wav,LA_E_6784178,LA_0005,test,narrowband_8k,narrowband
noise_10db,A17,1,en,ASVspoof-corpus-terms,/media/storage/moonlab/strive-data/degraded/noise_10db/LA_E_6784178.wav,LA_E_6784178,LA_0005,test,noise_10db,noise 10 dB SNR
clean,A11,1,en,ASVspoof-corpus-terms,/media/storage/moonlab/strive-data/degraded/clean/LA_E_3965596.wav,LA_E_3965596,LA_0009,test,clean,unmodified
opus_16k,A11,1,en,ASVspoof-corpus-terms,/media/storage/moonlab/strive-data/degraded/opus_16k/LA_E_3965596.wav,LA_E_3965596,LA_0009,test,opus_16k,opus@16k
opus_32k,A11,1,en,ASVspoof-corpus-terms,/media/storage/moonlab/strive-data/degraded/opus_32k/LA_E_3965596.wav,LA_E_3965596,LA_0009,test,opus_32k,opus@32k
g711_ulaw,A11,1,en,ASVspoof-corpus-terms,/media/storage/moonlab/strive-data/degraded/g711_ulaw/LA_E_3965596.wav,LA_E_3965596,LA_0009,test,g711_ulaw,g711_ulaw
narrowband_8k,A11,1,en,ASVspoof-corpus-terms,/media/storage/moonlab/strive-data/degraded/narrowband_8k/LA_E_3965596.wav,LA_E_3965596,LA_0009,test,narrowband_8k,narrowband
noise_10db,A11,1,en,ASVspoof-corpus-terms,/media/storage/moonlab/strive-data/degraded/noise_10db/LA_E_3965596.wav,LA_E_3965596,LA_0009,test,noise_10db,noise 10 dB SNR
clean,A14,1,en,ASVspoof-corpus-terms,/media/storage/moonlab/strive-data/degraded/clean/LA_E_6077380.wav,LA_E_6077380,LA_0010,test,clean,unmodified
opus_16k,A14,1,en,ASVspoof-corpus-terms,/media/storage/moonlab/strive-data/degraded/opus_16k/LA_E_6077380.wav,LA_E_6077380,LA_0010,test,opus_16k,opus@16k
opus_32k,A14,1,en,ASVspoof-corpus-terms,/media/storage/moonlab/strive-data/degraded/opus_32k/LA_E_6077380.wav,LA_E_6077380,LA_0010,test,opus_32k,opus@32k
g711_ulaw,A14,1,en,ASVspoof-corpus-terms,/media/storage/moonlab/strive-data/degraded/g711_ulaw/LA_E_6077380.wav,LA_E_6077380,LA_0010,test,g711_ulaw,g711_ulaw
narrowband_8k,A14,1,en,ASVspoof-corpus-terms,/media/storage/moonlab/strive-data/degraded/narrowband_8k/LA_E_6077380.wav,LA_E_6077380,LA_0010,test,narrowband_8k,narrowband
noise_10db,A14,1,en,ASVspoof-corpus-terms,/media/storage/moonlab/strive-data/degraded/noise_10db/LA_E_6077380.wav,LA_E_6077380,LA_0010,test,noise_10db,noise 10 dB SNR
clean,A08,1,en,ASVspoof-corpus-terms,/media/storage/moonlab/strive-data/degraded/clean/LA_E_4913793.wav,LA_E_4913793,LA_0026,test,clean,unmodified
opus_16k,A08,1,en,ASVspoof-corpus-terms,/media/storage/moonlab/strive-data/degraded/opus_16k/LA_E_4913793.wav,LA_E_4913793,LA_0026,test,opus_16k,opus@16k
opus_32k,A08,1,en,ASVspoof-corpus-terms,/media/storage/moonlab/strive-data/degraded/opus_32k/LA_E_4913793.wav,LA_E_4913793,LA_0026,test,opus_32k,opus@32k
g711_ulaw,A08,1,en,ASVspoof-corpus-terms,/media/storage/moonlab/strive-data/degraded/g711_ulaw/LA_E_4913793.wav,LA_E_4913793,LA_0026,test,g711_ulaw,g711_ulaw
narrowband_8k,A08,1,en,ASVspoof-corpus-terms,/media/storage/moonlab/strive-data/degraded/narrowband_8k/LA_E_4913793.wav,LA_E_4913793,LA_0026,test,narrowband_8k,narrowband
noise_10db,A08,1,en,ASVspoof-corpus-terms,/media/storage/moonlab/strive-data/degraded/noise_10db/LA_E_4913793.wav,LA_E_4913793,LA_0026,test,noise_10db,noise 10 dB SNR
clean,A18,1,en,ASVspoof-corpus-terms,/media/storage/moonlab/strive-data/degraded/clean/LA_E_3185939.wav,LA_E_3185939,LA_0019,test,clean,unmodified
opus_16k,A18,1,en,ASVspoof-corpus-terms,/media/storage/moonlab/strive-data/degraded/opus_16k/LA_E_3185939.wav,LA_E_3185939,LA_0019,test,opus_16k,opus@16k
opus_32k,A18,1,en,ASVspoof-corpus-terms,/media/storage/moonlab/strive-data/degraded/opus_32k/LA_E_3185939.wav,LA_E_3185939,LA_0019,test,opus_32k,opus@32k
g711_ulaw,A18,1,en,ASVspoof-corpus-terms,/media/storage/moonlab/strive-data/degraded/g711_ulaw/LA_E_3185939.wav,LA_E_3185939,LA_0019,test,g711_ulaw,g711_ulaw
narrowband_8k,A18,1,en,ASVspoof-corpus-terms,/media/storage/moonlab/strive-data/degraded/narrowband_8k/LA_E_3185939.wav,LA_E_3185939,LA_0019,test,narrowband_8k,narrowband
noise_10db,A18,1,en,ASVspoof-corpus-terms,/media/storage/moonlab/strive-data/degraded/noise_10db/LA_E_3185939.wav,LA_E_3185939,LA_0019,test,noise_10db,noise 10 dB SNR
clean,A17,1,en,ASVspoof-corpus-terms,/media/storage/moonlab/strive-data/degraded/clean/LA_E_1871650.wav,LA_E_1871650,LA_0045,test,clean,unmodified
opus_16k,A17,1,en,ASVspoof-corpus-terms,/media/storage/moonlab/strive-data/degraded/opus_16k/LA_E_1871650.wav,LA_E_1871650,LA_0045,test,opus_16k,opus@16k
opus_32k,A17,1,en,ASVspoof-corpus-terms,/media/storage/moonlab/strive-data/degraded/opus_32k/LA_E_1871650.wav,LA_E_1871650,LA_0045,test,opus_32k,opus@32k
g711_ulaw,A17,1,en,ASVspoof-corpus-terms,/media/storage/moonlab/strive-data/degraded/g711_ulaw/LA_E_1871650.wav,LA_E_1871650,LA_0045,test,g711_ulaw,g711_ulaw
narrowband_8k,A17,1,en,ASVspoof-corpus-terms,/media/storage/moonlab/strive-data/degraded/narrowband_8k/LA_E_1871650.wav,LA_E_1871650,LA_0045,test,narrowband_8k,narrowband
noise_10db,A17,1,en,ASVspoof-corpus-terms,/media/storage/moonlab/strive-data/degraded/noise_10db/LA_E_1871650.wav,LA_E_1871650,LA_0045,test,noise_10db,noise 10 dB SNR
clean,A16,1,en,ASVspoof-corpus-terms,/media/storage/moonlab/strive-data/degraded/clean/LA_E_8359601.wav,LA_E_8359601,LA_0011,test,clean,unmodified
opus_16k,A16,1,en,ASVspoof-corpus-terms,/media/storage/moonlab/strive-data/degraded/opus_16k/LA_E_8359601.wav,LA_E_8359601,LA_0011,test,opus_16k,opus@16k
opus_32k,A16,1,en,ASVspoof-corpus-terms,/media/storage/moonlab/strive-data/degraded/opus_32k/LA_E_8359601.wav,LA_E_8359601,LA_0011,test,opus_32k,opus@32k
g711_ulaw,A16,1,en,ASVspoof-corpus-terms,/media/storage/moonlab/strive-data/degraded/g711_ulaw/LA_E_8359601.wav,LA_E_8359601,LA_0011,test,g711_ulaw,g711_ulaw
narrowband_8k,A16,1,en,ASVspoof-corpus-terms,/media/storage/moonlab/strive-data/degraded/narrowband_8k/LA_E_8359601.wav,LA_E_8359601,LA_0011,test,narrowband_8k,narrowband
noise_10db,A16,1,en,ASVspoof-corpus-terms,/media/storage/moonlab/strive-data/degraded/noise_10db/LA_E_8359601.wav,LA_E_8359601,LA_0011,test,noise_10db,noise 10 dB SNR
clean,A10,1,en,ASVspoof-corpus-terms,/media/storage/moonlab/strive-data/degraded/clean/LA_E_6954240.wav,LA_E_6954240,LA_0012,test,clean,unmodified
opus_16k,A10,1,en,ASVspoof-corpus-terms,/media/storage/moonlab/strive-data/degraded/opus_16k/LA_E_6954240.wav,LA_E_6954240,LA_0012,test,opus_16k,opus@16k
opus_32k,A10,1,en,ASVspoof-corpus-terms,/media/storage/moonlab/strive-data/degraded/opus_32k/LA_E_6954240.wav,LA_E_6954240,LA_0012,test,opus_32k,opus@32k
g711_ulaw,A10,1,en,ASVspoof-corpus-terms,/media/storage/moonlab/strive-data/degraded/g711_ulaw/LA_E_6954240.wav,LA_E_6954240,LA_0012,test,g711_ulaw,g711_ulaw
narrowband_8k,A10,1,en,ASVspoof-corpus-terms,/media/storage/moonlab/strive-data/degraded/narrowband_8k/LA_E_6954240.wav,LA_E_6954240,LA_0012,test,narrowband_8k,narrowband
noise_10db,A10,1,en,ASVspoof-corpus-terms,/media/storage/moonlab/strive-data/degraded/noise_10db/LA_E_6954240.wav,LA_E_6954240,LA_0012,test,noise_10db,noise 10 dB SNR
clean,A13,1,en,ASVspoof-corpus-terms,/media/storage/moonlab/strive-data/degraded/clean/LA_E_9328956.wav,LA_E_9328956,LA_0040,test,clean,unmodified
opus_16k,A13,1,en,ASVspoof-corpus-terms,/media/storage/moonlab/strive-data/degraded/opus_16k/LA_E_9328956.wav,LA_E_9328956,LA_0040,test,opus_16k,opus@16k
opus_32k,A13,1,en,ASVspoof-corpus-terms,/media/storage/moonlab/strive-data/degraded/opus_32k/LA_E_9328956.wav,LA_E_9328956,LA_0040,test,opus_32k,opus@32k
g711_ulaw,A13,1,en,ASVspoof-corpus-terms,/media/storage/moonlab/strive-data/degraded/g711_ulaw/LA_E_9328956.wav,LA_E_9328956,LA_0040,test,g711_ulaw,g711_ulaw
narrowband_8k,A13,1,en,ASVspoof-corpus-terms,/media/storage/moonlab/strive-data/degraded/narrowband_8k/LA_E_9328956.wav,LA_E_9328956,LA_0040,test,narrowband_8k,narrowband
noise_10db,A13,1,en,ASVspoof-corpus-terms,/media/storage/moonlab/strive-data/degraded/noise_10db/LA_E_9328956.wav,LA_E_9328956,LA_0040,test,noise_10db,noise 10 dB SNR
clean,A16,1,en,ASVspoof-corpus-terms,/media/storage/moonlab/strive-data/degraded/clean/LA_E_5507522.wav,LA_E_5507522,LA_0017,test,clean,unmodified
opus_16k,A16,1,en,ASVspoof-corpus-terms,/media/storage/moonlab/strive-data/degraded/opus_16k/LA_E_5507522.wav,LA_E_5507522,LA_0017,test,opus_16k,opus@16k
opus_32k,A16,1,en,ASVspoof-corpus-terms,/media/storage/moonlab/strive-data/degraded/opus_32k/LA_E_5507522.wav,LA_E_5507522,LA_0017,test,opus_32k,opus@32k
g711_ulaw,A16,1,en,ASVspoof-corpus-terms,/media/storage/moonlab/strive-data/degraded/g711_ulaw/LA_E_5507522.wav,LA_E_5507522,LA_0017,test,g711_ulaw,g711_ulaw
narrowband_8k,A16,1,en,ASVspoof-corpus-terms,/media/storage/moonlab/strive-data/degraded/narrowband_8k/LA_E_5507522.wav,LA_E_5507522,LA_0017,test,narrowband_8k,narrowband
noise_10db,A16,1,en,ASVspoof-corpus-terms,/media/storage/moonlab/strive-data/degraded/noise_10db/LA_E_5507522.wav,LA_E_5507522,LA_0017,test,noise_10db,noise 10 dB SNR
clean,A11,1,en,ASVspoof-corpus-terms,/media/storage/moonlab/strive-data/degraded/clean/LA_E_8866717.wav,LA_E_8866717,LA_0006,test,clean,unmodified
opus_16k,A11,1,en,ASVspoof-corpus-terms,/media/storage/moonlab/strive-data/degraded/opus_16k/LA_E_8866717.wav,LA_E_8866717,LA_0006,test,opus_16k,opus@16k
opus_32k,A11,1,en,ASVspoof-corpus-terms,/media/storage/moonlab/strive-data/degraded/opus_32k/LA_E_8866717.wav,LA_E_8866717,LA_0006,test,opus_32k,opus@32k
g711_ulaw,A11,1,en,ASVspoof-corpus-terms,/media/storage/moonlab/strive-data/degraded/g711_ulaw/LA_E_8866717.wav,LA_E_8866717,LA_0006,test,g711_ulaw,g711_ulaw
narrowband_8k,A11,1,en,ASVspoof-corpus-terms,/media/storage/moonlab/strive-data/degraded/narrowband_8k/LA_E_8866717.wav,LA_E_8866717,LA_0006,test,narrowband_8k,narrowband
noise_10db,A11,1,en,ASVspoof-corpus-terms,/media/storage/moonlab/strive-data/degraded/noise_10db/LA_E_8866717.wav,LA_E_8866717,LA_0006,test,noise_10db,noise 10 dB SNR
clean,A09,1,en,ASVspoof-corpus-terms,/media/storage/moonlab/strive-data/degraded/clean/LA_E_5007983.wav,LA_E_5007983,LA_0045,test,clean,unmodified
opus_16k,A09,1,en,ASVspoof-corpus-terms,/media/storage/moonlab/strive-data/degraded/opus_16k/LA_E_5007983.wav,LA_E_5007983,LA_0045,test,opus_16k,opus@16k
opus_32k,A09,1,en,ASVspoof-corpus-terms,/media/storage/moonlab/strive-data/degraded/opus_32k/LA_E_5007983.wav,LA_E_5007983,LA_0045,test,opus_32k,opus@32k
g711_ulaw,A09,1,en,ASVspoof-corpus-terms,/media/storage/moonlab/strive-data/degraded/g711_ulaw/LA_E_5007983.wav,LA_E_5007983,LA_0045,test,g711_ulaw,g711_ulaw
narrowband_8k,A09,1,en,ASVspoof-corpus-terms,/media/storage/moonlab/strive-data/degraded/narrowband_8k/LA_E_5007983.wav,LA_E_5007983,LA_0045,test,narrowband_8k,narrowband
noise_10db,A09,1,en,ASVspoof-corpus-terms,/media/storage/moonlab/strive-data/degraded/noise_10db/LA_E_5007983.wav,LA_E_5007983,LA_0045,test,noise_10db,noise 10 dB SNR
clean,A13,1,en,ASVspoof-corpus-terms,/media/storage/moonlab/strive-data/degraded/clean/LA_E_2238222.wav,LA_E_2238222,LA_0044,test,clean,unmodified
opus_16k,A13,1,en,ASVspoof-corpus-terms,/media/storage/moonlab/strive-data/degraded/opus_16k/LA_E_2238222.wav,LA_E_2238222,LA_0044,test,opus_16k,opus@16k
opus_32k,A13,1,en,ASVspoof-corpus-terms,/media/storage/moonlab/strive-data/degraded/opus_32k/LA_E_2238222.wav,LA_E_2238222,LA_0044,test,opus_32k,opus@32k
g711_ulaw,A13,1,en,ASVspoof-corpus-terms,/media/storage/moonlab/strive-data/degraded/g711_ulaw/LA_E_2238222.wav,LA_E_2238222,LA_0044,test,g711_ulaw,g711_ulaw
narrowband_8k,A13,1,en,ASVspoof-corpus-terms,/media/storage/moonlab/strive-data/degraded/narrowband_8k/LA_E_2238222.wav,LA_E_2238222,LA_0044,test,narrowband_8k,narrowband
noise_10db,A13,1,en,ASVspoof-corpus-terms,/media/storage/moonlab/strive-data/degraded/noise_10db/LA_E_2238222.wav,LA_E_2238222,LA_0044,test,noise_10db,noise 10 dB SNR
clean,A11,1,en,ASVspoof-corpus-terms,/media/storage/moonlab/strive-data/degraded/clean/LA_E_9587883.wav,LA_E_9587883,LA_0043,test,clean,unmodified
opus_16k,A11,1,en,ASVspoof-corpus-terms,/media/storage/moonlab/strive-data/degraded/opus_16k/LA_E_9587883.wav,LA_E_9587883,LA_0043,test,opus_16k,opus@16k
opus_32k,A11,1,en,ASVspoof-corpus-terms,/media/storage/moonlab/strive-data/degraded/opus_32k/LA_E_9587883.wav,LA_E_9587883,LA_0043,test,opus_32k,opus@32k
g711_ulaw,A11,1,en,ASVspoof-corpus-terms,/media/storage/moonlab/strive-data/degraded/g711_ulaw/LA_E_9587883.wav,LA_E_9587883,LA_0043,test,g711_ulaw,g711_ulaw
narrowband_8k,A11,1,en,ASVspoof-corpus-terms,/media/storage/moonlab/strive-data/degraded/narrowband_8k/LA_E_9587883.wav,LA_E_9587883,LA_0043,test,narrowband_8k,narrowband
noise_10db,A11,1,en,ASVspoof-corpus-terms,/media/storage/moonlab/strive-data/degraded/noise_10db/LA_E_9587883.wav,LA_E_9587883,LA_0043,test,noise_10db,noise 10 dB SNR
clean,A09,1,en,ASVspoof-corpus-terms,/media/storage/moonlab/strive-data/degraded/clean/LA_E_8716923.wav,LA_E_8716923,LA_0033,test,clean,unmodified
opus_16k,A09,1,en,ASVspoof-corpus-terms,/media/storage/moonlab/strive-data/degraded/opus_16k/LA_E_8716923.wav,LA_E_8716923,LA_0033,test,opus_16k,opus@16k
opus_32k,A09,1,en,ASVspoof-corpus-terms,/media/storage/moonlab/strive-data/degraded/opus_32k/LA_E_8716923.wav,LA_E_8716923,LA_0033,test,opus_32k,opus@32k
g711_ulaw,A09,1,en,ASVspoof-corpus-terms,/media/storage/moonlab/strive-data/degraded/g711_ulaw/LA_E_8716923.wav,LA_E_8716923,LA_0033,test,g711_ulaw,g711_ulaw
narrowband_8k,A09,1,en,ASVspoof-corpus-terms,/media/storage/moonlab/strive-data/degraded/narrowband_8k/LA_E_8716923.wav,LA_E_8716923,LA_0033,test,narrowband_8k,narrowband
noise_10db,A09,1,en,ASVspoof-corpus-terms,/media/storage/moonlab/strive-data/degraded/noise_10db/LA_E_8716923.wav,LA_E_8716923,LA_0033,test,noise_10db,noise 10 dB SNR
clean,A16,1,en,ASVspoof-corpus-terms,/media/storage/moonlab/strive-data/degraded/clean/LA_E_8123385.wav,LA_E_8123385,LA_0020,test,clean,unmodified
opus_16k,A16,1,en,ASVspoof-corpus-terms,/media/storage/moonlab/strive-data/degraded/opus_16k/LA_E_8123385.wav,LA_E_8123385,LA_0020,test,opus_16k,opus@16k
opus_32k,A16,1,en,ASVspoof-corpus-terms,/media/storage/moonlab/strive-data/degraded/opus_32k/LA_E_8123385.wav,LA_E_8123385,LA_0020,test,opus_32k,opus@32k
g711_ulaw,A16,1,en,ASVspoof-corpus-terms,/media/storage/moonlab/strive-data/degraded/g711_ulaw/LA_E_8123385.wav,LA_E_8123385,LA_0020,test,g711_ulaw,g711_ulaw
narrowband_8k,A16,1,en,ASVspoof-corpus-terms,/media/storage/moonlab/strive-data/degraded/narrowband_8k/LA_E_8123385.wav,LA_E_8123385,LA_0020,test,narrowband_8k,narrowband
noise_10db,A16,1,en,ASVspoof-corpus-terms,/media/storage/moonlab/strive-data/degraded/noise_10db/LA_E_8123385.wav,LA_E_8123385,LA_0020,test,noise_10db,noise 10 dB SNR
clean,A14,1,en,ASVspoof-corpus-terms,/media/storage/moonlab/strive-data/degraded/clean/LA_E_9999640.wav,LA_E_9999640,LA_0035,test,clean,unmodified
opus_16k,A14,1,en,ASVspoof-corpus-terms,/media/storage/moonlab/strive-data/degraded/opus_16k/LA_E_9999640.wav,LA_E_9999640,LA_0035,test,opus_16k,opus@16k
opus_32k,A14,1,en,ASVspoof-corpus-terms,/media/storage/moonlab/strive-data/degraded/opus_32k/LA_E_9999640.wav,LA_E_9999640,LA_0035,test,opus_32k,opus@32k
g711_ulaw,A14,1,en,ASVspoof-corpus-terms,/media/storage/moonlab/strive-data/degraded/g711_ulaw/LA_E_9999640.wav,LA_E_9999640,LA_0035,test,g711_ulaw,g711_ulaw
narrowband_8k,A14,1,en,ASVspoof-corpus-terms,/media/storage/moonlab/strive-data/degraded/narrowband_8k/LA_E_9999640.wav,LA_E_9999640,LA_0035,test,narrowband_8k,narrowband
noise_10db,A14,1,en,ASVspoof-corpus-terms,/media/storage/moonlab/strive-data/degraded/noise_10db/LA_E_9999640.wav,LA_E_9999640,LA_0035,test,noise_10db,noise 10 dB SNR
clean,A19,1,en,ASVspoof-corpus-terms,/media/storage/moonlab/strive-data/degraded/clean/LA_E_9441424.wav,LA_E_9441424,LA_0033,test,clean,unmodified
opus_16k,A19,1,en,ASVspoof-corpus-terms,/media/storage/moonlab/strive-data/degraded/opus_16k/LA_E_9441424.wav,LA_E_9441424,LA_0033,test,opus_16k,opus@16k
opus_32k,A19,1,en,ASVspoof-corpus-terms,/media/storage/moonlab/strive-data/degraded/opus_32k/LA_E_9441424.wav,LA_E_9441424,LA_0033,test,opus_32k,opus@32k
g711_ulaw,A19,1,en,ASVspoof-corpus-terms,/media/storage/moonlab/strive-data/degraded/g711_ulaw/LA_E_9441424.wav,LA_E_9441424,LA_0033,test,g711_ulaw,g711_ulaw
narrowband_8k,A19,1,en,ASVspoof-corpus-terms,/media/storage/moonlab/strive-data/degraded/narrowband_8k/LA_E_9441424.wav,LA_E_9441424,LA_0033,test,narrowband_8k,narrowband
noise_10db,A19,1,en,ASVspoof-corpus-terms,/media/storage/moonlab/strive-data/degraded/noise_10db/LA_E_9441424.wav,LA_E_9441424,LA_0033,test,noise_10db,noise 10 dB SNR
clean,A18,1,en,ASVspoof-corpus-terms,/media/storage/moonlab/strive-data/degraded/clean/LA_E_1363036.wav,LA_E_1363036,LA_0041,test,clean,unmodified
opus_16k,A18,1,en,ASVspoof-corpus-terms,/media/storage/moonlab/strive-data/degraded/opus_16k/LA_E_1363036.wav,LA_E_1363036,LA_0041,test,opus_16k,opus@16k
opus_32k,A18,1,en,ASVspoof-corpus-terms,/media/storage/moonlab/strive-data/degraded/opus_32k/LA_E_1363036.wav,LA_E_1363036,LA_0041,test,opus_32k,opus@32k
g711_ulaw,A18,1,en,ASVspoof-corpus-terms,/media/storage/moonlab/strive-data/degraded/g711_ulaw/LA_E_1363036.wav,LA_E_1363036,LA_0041,test,g711_ulaw,g711_ulaw
narrowband_8k,A18,1,en,ASVspoof-corpus-terms,/media/storage/moonlab/strive-data/degraded/narrowband_8k/LA_E_1363036.wav,LA_E_1363036,LA_0041,test,narrowband_8k,narrowband
noise_10db,A18,1,en,ASVspoof-corpus-terms,/media/storage/moonlab/strive-data/degraded/noise_10db/LA_E_1363036.wav,LA_E_1363036,LA_0041,test,noise_10db,noise 10 dB SNR
clean,A19,1,en,ASVspoof-corpus-terms,/media/storage/moonlab/strive-data/degraded/clean/LA_E_3171940.wav,LA_E_3171940,LA_0044,test,clean,unmodified
opus_16k,A19,1,en,ASVspoof-corpus-terms,/media/storage/moonlab/strive-data/degraded/opus_16k/LA_E_3171940.wav,LA_E_3171940,LA_0044,test,opus_16k,opus@16k
opus_32k,A19,1,en,ASVspoof-corpus-terms,/media/storage/moonlab/strive-data/degraded/opus_32k/LA_E_3171940.wav,LA_E_3171940,LA_0044,test,opus_32k,opus@32k
g711_ulaw,A19,1,en,ASVspoof-corpus-terms,/media/storage/moonlab/strive-data/degraded/g711_ulaw/LA_E_3171940.wav,LA_E_3171940,LA_0044,test,g711_ulaw,g711_ulaw
narrowband_8k,A19,1,en,ASVspoof-corpus-terms,/media/storage/moonlab/strive-data/degraded/narrowband_8k/LA_E_3171940.wav,LA_E_3171940,LA_0044,test,narrowband_8k,narrowband
noise_10db,A19,1,en,ASVspoof-corpus-terms,/media/storage/moonlab/strive-data/degraded/noise_10db/LA_E_3171940.wav,LA_E_3171940,LA_0044,test,noise_10db,noise 10 dB SNR
clean,A11,1,en,ASVspoof-corpus-terms,/media/storage/moonlab/strive-data/degraded/clean/LA_E_3670047.wav,LA_E_3670047,LA_0034,test,clean,unmodified
opus_16k,A11,1,en,ASVspoof-corpus-terms,/media/storage/moonlab/strive-data/degraded/opus_16k/LA_E_3670047.wav,LA_E_3670047,LA_0034,test,opus_16k,opus@16k
opus_32k,A11,1,en,ASVspoof-corpus-terms,/media/storage/moonlab/strive-data/degraded/opus_32k/LA_E_3670047.wav,LA_E_3670047,LA_0034,test,opus_32k,opus@32k
g711_ulaw,A11,1,en,ASVspoof-corpus-terms,/media/storage/moonlab/strive-data/degraded/g711_ulaw/LA_E_3670047.wav,LA_E_3670047,LA_0034,test,g711_ulaw,g711_ulaw
narrowband_8k,A11,1,en,ASVspoof-corpus-terms,/media/storage/moonlab/strive-data/degraded/narrowband_8k/LA_E_3670047.wav,LA_E_3670047,LA_0034,test,narrowband_8k,narrowband
noise_10db,A11,1,en,ASVspoof-corpus-terms,/media/storage/moonlab/strive-data/degraded/noise_10db/LA_E_3670047.wav,LA_E_3670047,LA_0034,test,noise_10db,noise 10 dB SNR
clean,A09,1,en,ASVspoof-corpus-terms,/media/storage/moonlab/strive-data/degraded/clean/LA_E_3837364.wav,LA_E_3837364,LA_0041,test,clean,unmodified
opus_16k,A09,1,en,ASVspoof-corpus-terms,/media/storage/moonlab/strive-data/degraded/opus_16k/LA_E_3837364.wav,LA_E_3837364,LA_0041,test,opus_16k,opus@16k
opus_32k,A09,1,en,ASVspoof-corpus-terms,/media/storage/moonlab/strive-data/degraded/opus_32k/LA_E_3837364.wav,LA_E_3837364,LA_0041,test,opus_32k,opus@32k
g711_ulaw,A09,1,en,ASVspoof-corpus-terms,/media/storage/moonlab/strive-data/degraded/g711_ulaw/LA_E_3837364.wav,LA_E_3837364,LA_0041,test,g711_ulaw,g711_ulaw
narrowband_8k,A09,1,en,ASVspoof-corpus-terms,/media/storage/moonlab/strive-data/degraded/narrowband_8k/LA_E_3837364.wav,LA_E_3837364,LA_0041,test,narrowband_8k,narrowband
noise_10db,A09,1,en,ASVspoof-corpus-terms,/media/storage/moonlab/strive-data/degraded/noise_10db/LA_E_3837364.wav,LA_E_3837364,LA_0041,test,noise_10db,noise 10 dB SNR
clean,A07,1,en,ASVspoof-corpus-terms,/media/storage/moonlab/strive-data/degraded/clean/LA_E_9198155.wav,LA_E_9198155,LA_0024,test,clean,unmodified
opus_16k,A07,1,en,ASVspoof-corpus-terms,/media/storage/moonlab/strive-data/degraded/opus_16k/LA_E_9198155.wav,LA_E_9198155,LA_0024,test,opus_16k,opus@16k
opus_32k,A07,1,en,ASVspoof-corpus-terms,/media/storage/moonlab/strive-data/degraded/opus_32k/LA_E_9198155.wav,LA_E_9198155,LA_0024,test,opus_32k,opus@32k
g711_ulaw,A07,1,en,ASVspoof-corpus-terms,/media/storage/moonlab/strive-data/degraded/g711_ulaw/LA_E_9198155.wav,LA_E_9198155,LA_0024,test,g711_ulaw,g711_ulaw
narrowband_8k,A07,1,en,ASVspoof-corpus-terms,/media/storage/moonlab/strive-data/degraded/narrowband_8k/LA_E_9198155.wav,LA_E_9198155,LA_0024,test,narrowband_8k,narrowband
noise_10db,A07,1,en,ASVspoof-corpus-terms,/media/storage/moonlab/strive-data/degraded/noise_10db/LA_E_9198155.wav,LA_E_9198155,LA_0024,test,noise_10db,noise 10 dB SNR
clean,A10,1,en,ASVspoof-corpus-terms,/media/storage/moonlab/strive-data/degraded/clean/LA_E_4353503.wav,LA_E_4353503,LA_0035,test,clean,unmodified
opus_16k,A10,1,en,ASVspoof-corpus-terms,/media/storage/moonlab/strive-data/degraded/opus_16k/LA_E_4353503.wav,LA_E_4353503,LA_0035,test,opus_16k,opus@16k
opus_32k,A10,1,en,ASVspoof-corpus-terms,/media/storage/moonlab/strive-data/degraded/opus_32k/LA_E_4353503.wav,LA_E_4353503,LA_0035,test,opus_32k,opus@32k
g711_ulaw,A10,1,en,ASVspoof-corpus-terms,/media/storage/moonlab/strive-data/degraded/g711_ulaw/LA_E_4353503.wav,LA_E_4353503,LA_0035,test,g711_ulaw,g711_ulaw
narrowband_8k,A10,1,en,ASVspoof-corpus-terms,/media/storage/moonlab/strive-data/degraded/narrowband_8k/LA_E_4353503.wav,LA_E_4353503,LA_0035,test,narrowband_8k,narrowband
noise_10db,A10,1,en,ASVspoof-corpus-terms,/media/storage/moonlab/strive-data/degraded/noise_10db/LA_E_4353503.wav,LA_E_4353503,LA_0035,test,noise_10db,noise 10 dB SNR
clean,A18,1,en,ASVspoof-corpus-terms,/media/storage/moonlab/strive-data/degraded/clean/LA_E_6908324.wav,LA_E_6908324,LA_0030,test,clean,unmodified
opus_16k,A18,1,en,ASVspoof-corpus-terms,/media/storage/moonlab/strive-data/degraded/opus_16k/LA_E_6908324.wav,LA_E_6908324,LA_0030,test,opus_16k,opus@16k
opus_32k,A18,1,en,ASVspoof-corpus-terms,/media/storage/moonlab/strive-data/degraded/opus_32k/LA_E_6908324.wav,LA_E_6908324,LA_0030,test,opus_32k,opus@32k
g711_ulaw,A18,1,en,ASVspoof-corpus-terms,/media/storage/moonlab/strive-data/degraded/g711_ulaw/LA_E_6908324.wav,LA_E_6908324,LA_0030,test,g711_ulaw,g711_ulaw
narrowband_8k,A18,1,en,ASVspoof-corpus-terms,/media/storage/moonlab/strive-data/degraded/narrowband_8k/LA_E_6908324.wav,LA_E_6908324,LA_0030,test,narrowband_8k,narrowband
noise_10db,A18,1,en,ASVspoof-corpus-terms,/media/storage/moonlab/strive-data/degraded/noise_10db/LA_E_6908324.wav,LA_E_6908324,LA_0030,test,noise_10db,noise 10 dB SNR
clean,A07,1,en,ASVspoof-corpus-terms,/media/storage/moonlab/strive-data/degraded/clean/LA_E_3063748.wav,LA_E_3063748,LA_0047,test,clean,unmodified
opus_16k,A07,1,en,ASVspoof-corpus-terms,/media/storage/moonlab/strive-data/degraded/opus_16k/LA_E_3063748.wav,LA_E_3063748,LA_0047,test,opus_16k,opus@16k
opus_32k,A07,1,en,ASVspoof-corpus-terms,/media/storage/moonlab/strive-data/degraded/opus_32k/LA_E_3063748.wav,LA_E_3063748,LA_0047,test,opus_32k,opus@32k
g711_ulaw,A07,1,en,ASVspoof-corpus-terms,/media/storage/moonlab/strive-data/degraded/g711_ulaw/LA_E_3063748.wav,LA_E_3063748,LA_0047,test,g711_ulaw,g711_ulaw
narrowband_8k,A07,1,en,ASVspoof-corpus-terms,/media/storage/moonlab/strive-data/degraded/narrowband_8k/LA_E_3063748.wav,LA_E_3063748,LA_0047,test,narrowband_8k,narrowband
noise_10db,A07,1,en,ASVspoof-corpus-terms,/media/storage/moonlab/strive-data/degraded/noise_10db/LA_E_3063748.wav,LA_E_3063748,LA_0047,test,noise_10db,noise 10 dB SNR
clean,A08,1,en,ASVspoof-corpus-terms,/media/storage/moonlab/strive-data/degraded/clean/LA_E_5453613.wav,LA_E_5453613,LA_0026,test,clean,unmodified
opus_16k,A08,1,en,ASVspoof-corpus-terms,/media/storage/moonlab/strive-data/degraded/opus_16k/LA_E_5453613.wav,LA_E_5453613,LA_0026,test,opus_16k,opus@16k
opus_32k,A08,1,en,ASVspoof-corpus-terms,/media/storage/moonlab/strive-data/degraded/opus_32k/LA_E_5453613.wav,LA_E_5453613,LA_0026,test,opus_32k,opus@32k
g711_ulaw,A08,1,en,ASVspoof-corpus-terms,/media/storage/moonlab/strive-data/degraded/g711_ulaw/LA_E_5453613.wav,LA_E_5453613,LA_0026,test,g711_ulaw,g711_ulaw
narrowband_8k,A08,1,en,ASVspoof-corpus-terms,/media/storage/moonlab/strive-data/degraded/narrowband_8k/LA_E_5453613.wav,LA_E_5453613,LA_0026,test,narrowband_8k,narrowband
noise_10db,A08,1,en,ASVspoof-corpus-terms,/media/storage/moonlab/strive-data/degraded/noise_10db/LA_E_5453613.wav,LA_E_5453613,LA_0026,test,noise_10db,noise 10 dB SNR
clean,A18,1,en,ASVspoof-corpus-terms,/media/storage/moonlab/strive-data/degraded/clean/LA_E_5519482.wav,LA_E_5519482,LA_0024,test,clean,unmodified
opus_16k,A18,1,en,ASVspoof-corpus-terms,/media/storage/moonlab/strive-data/degraded/opus_16k/LA_E_5519482.wav,LA_E_5519482,LA_0024,test,opus_16k,opus@16k
opus_32k,A18,1,en,ASVspoof-corpus-terms,/media/storage/moonlab/strive-data/degraded/opus_32k/LA_E_5519482.wav,LA_E_5519482,LA_0024,test,opus_32k,opus@32k
g711_ulaw,A18,1,en,ASVspoof-corpus-terms,/media/storage/moonlab/strive-data/degraded/g711_ulaw/LA_E_5519482.wav,LA_E_5519482,LA_0024,test,g711_ulaw,g711_ulaw
narrowband_8k,A18,1,en,ASVspoof-corpus-terms,/media/storage/moonlab/strive-data/degraded/narrowband_8k/LA_E_5519482.wav,LA_E_5519482,LA_0024,test,narrowband_8k,narrowband
noise_10db,A18,1,en,ASVspoof-corpus-terms,/media/storage/moonlab/strive-data/degraded/noise_10db/LA_E_5519482.wav,LA_E_5519482,LA_0024,test,noise_10db,noise 10 dB SNR
clean,A12,1,en,ASVspoof-corpus-terms,/media/storage/moonlab/strive-data/degraded/clean/LA_E_4824110.wav,LA_E_4824110,LA_0007,test,clean,unmodified
opus_16k,A12,1,en,ASVspoof-corpus-terms,/media/storage/moonlab/strive-data/degraded/opus_16k/LA_E_4824110.wav,LA_E_4824110,LA_0007,test,opus_16k,opus@16k
opus_32k,A12,1,en,ASVspoof-corpus-terms,/media/storage/moonlab/strive-data/degraded/opus_32k/LA_E_4824110.wav,LA_E_4824110,LA_0007,test,opus_32k,opus@32k
g711_ulaw,A12,1,en,ASVspoof-corpus-terms,/media/storage/moonlab/strive-data/degraded/g711_ulaw/LA_E_4824110.wav,LA_E_4824110,LA_0007,test,g711_ulaw,g711_ulaw
narrowband_8k,A12,1,en,ASVspoof-corpus-terms,/media/storage/moonlab/strive-data/degraded/narrowband_8k/LA_E_4824110.wav,LA_E_4824110,LA_0007,test,narrowband_8k,narrowband
noise_10db,A12,1,en,ASVspoof-corpus-terms,/media/storage/moonlab/strive-data/degraded/noise_10db/LA_E_4824110.wav,LA_E_4824110,LA_0007,test,noise_10db,noise 10 dB SNR
clean,A14,1,en,ASVspoof-corpus-terms,/media/storage/moonlab/strive-data/degraded/clean/LA_E_1743395.wav,LA_E_1743395,LA_0020,test,clean,unmodified
opus_16k,A14,1,en,ASVspoof-corpus-terms,/media/storage/moonlab/strive-data/degraded/opus_16k/LA_E_1743395.wav,LA_E_1743395,LA_0020,test,opus_16k,opus@16k
opus_32k,A14,1,en,ASVspoof-corpus-terms,/media/storage/moonlab/strive-data/degraded/opus_32k/LA_E_1743395.wav,LA_E_1743395,LA_0020,test,opus_32k,opus@32k
g711_ulaw,A14,1,en,ASVspoof-corpus-terms,/media/storage/moonlab/strive-data/degraded/g711_ulaw/LA_E_1743395.wav,LA_E_1743395,LA_0020,test,g711_ulaw,g711_ulaw
narrowband_8k,A14,1,en,ASVspoof-corpus-terms,/media/storage/moonlab/strive-data/degraded/narrowband_8k/LA_E_1743395.wav,LA_E_1743395,LA_0020,test,narrowband_8k,narrowband
noise_10db,A14,1,en,ASVspoof-corpus-terms,/media/storage/moonlab/strive-data/degraded/noise_10db/LA_E_1743395.wav,LA_E_1743395,LA_0020,test,noise_10db,noise 10 dB SNR
clean,A18,1,en,ASVspoof-corpus-terms,/media/storage/moonlab/strive-data/degraded/clean/LA_E_8798845.wav,LA_E_8798845,LA_0010,test,clean,unmodified
opus_16k,A18,1,en,ASVspoof-corpus-terms,/media/storage/moonlab/strive-data/degraded/opus_16k/LA_E_8798845.wav,LA_E_8798845,LA_0010,test,opus_16k,opus@16k
opus_32k,A18,1,en,ASVspoof-corpus-terms,/media/storage/moonlab/strive-data/degraded/opus_32k/LA_E_8798845.wav,LA_E_8798845,LA_0010,test,opus_32k,opus@32k
g711_ulaw,A18,1,en,ASVspoof-corpus-terms,/media/storage/moonlab/strive-data/degraded/g711_ulaw/LA_E_8798845.wav,LA_E_8798845,LA_0010,test,g711_ulaw,g711_ulaw
narrowband_8k,A18,1,en,ASVspoof-corpus-terms,/media/storage/moonlab/strive-data/degraded/narrowband_8k/LA_E_8798845.wav,LA_E_8798845,LA_0010,test,narrowband_8k,narrowband
noise_10db,A18,1,en,ASVspoof-corpus-terms,/media/storage/moonlab/strive-data/degraded/noise_10db/LA_E_8798845.wav,LA_E_8798845,LA_0010,test,noise_10db,noise 10 dB SNR
clean,A15,1,en,ASVspoof-corpus-terms,/media/storage/moonlab/strive-data/degraded/clean/LA_E_9475002.wav,LA_E_9475002,LA_0047,test,clean,unmodified
opus_16k,A15,1,en,ASVspoof-corpus-terms,/media/storage/moonlab/strive-data/degraded/opus_16k/LA_E_9475002.wav,LA_E_9475002,LA_0047,test,opus_16k,opus@16k
opus_32k,A15,1,en,ASVspoof-corpus-terms,/media/storage/moonlab/strive-data/degraded/opus_32k/LA_E_9475002.wav,LA_E_9475002,LA_0047,test,opus_32k,opus@32k
g711_ulaw,A15,1,en,ASVspoof-corpus-terms,/media/storage/moonlab/strive-data/degraded/g711_ulaw/LA_E_9475002.wav,LA_E_9475002,LA_0047,test,g711_ulaw,g711_ulaw
narrowband_8k,A15,1,en,ASVspoof-corpus-terms,/media/storage/moonlab/strive-data/degraded/narrowband_8k/LA_E_9475002.wav,LA_E_9475002,LA_0047,test,narrowband_8k,narrowband
noise_10db,A15,1,en,ASVspoof-corpus-terms,/media/storage/moonlab/strive-data/degraded/noise_10db/LA_E_9475002.wav,LA_E_9475002,LA_0047,test,noise_10db,noise 10 dB SNR
clean,A19,1,en,ASVspoof-corpus-terms,/media/storage/moonlab/strive-data/degraded/clean/LA_E_3928444.wav,LA_E_3928444,LA_0020,test,clean,unmodified
opus_16k,A19,1,en,ASVspoof-corpus-terms,/media/storage/moonlab/strive-data/degraded/opus_16k/LA_E_3928444.wav,LA_E_3928444,LA_0020,test,opus_16k,opus@16k
opus_32k,A19,1,en,ASVspoof-corpus-terms,/media/storage/moonlab/strive-data/degraded/opus_32k/LA_E_3928444.wav,LA_E_3928444,LA_0020,test,opus_32k,opus@32k
g711_ulaw,A19,1,en,ASVspoof-corpus-terms,/media/storage/moonlab/strive-data/degraded/g711_ulaw/LA_E_3928444.wav,LA_E_3928444,LA_0020,test,g711_ulaw,g711_ulaw
narrowband_8k,A19,1,en,ASVspoof-corpus-terms,/media/storage/moonlab/strive-data/degraded/narrowband_8k/LA_E_3928444.wav,LA_E_3928444,LA_0020,test,narrowband_8k,narrowband
noise_10db,A19,1,en,ASVspoof-corpus-terms,/media/storage/moonlab/strive-data/degraded/noise_10db/LA_E_3928444.wav,LA_E_3928444,LA_0020,test,noise_10db,noise 10 dB SNR
clean,A08,1,en,ASVspoof-corpus-terms,/media/storage/moonlab/strive-data/degraded/clean/LA_E_7538609.wav,LA_E_7538609,LA_0008,test,clean,unmodified
opus_16k,A08,1,en,ASVspoof-corpus-terms,/media/storage/moonlab/strive-data/degraded/opus_16k/LA_E_7538609.wav,LA_E_7538609,LA_0008,test,opus_16k,opus@16k
opus_32k,A08,1,en,ASVspoof-corpus-terms,/media/storage/moonlab/strive-data/degraded/opus_32k/LA_E_7538609.wav,LA_E_7538609,LA_0008,test,opus_32k,opus@32k
g711_ulaw,A08,1,en,ASVspoof-corpus-terms,/media/storage/moonlab/strive-data/degraded/g711_ulaw/LA_E_7538609.wav,LA_E_7538609,LA_0008,test,g711_ulaw,g711_ulaw
narrowband_8k,A08,1,en,ASVspoof-corpus-terms,/media/storage/moonlab/strive-data/degraded/narrowband_8k/LA_E_7538609.wav,LA_E_7538609,LA_0008,test,narrowband_8k,narrowband
noise_10db,A08,1,en,ASVspoof-corpus-terms,/media/storage/moonlab/strive-data/degraded/noise_10db/LA_E_7538609.wav,LA_E_7538609,LA_0008,test,noise_10db,noise 10 dB SNR
clean,A12,1,en,ASVspoof-corpus-terms,/media/storage/moonlab/strive-data/degraded/clean/LA_E_2114624.wav,LA_E_2114624,LA_0016,test,clean,unmodified
opus_16k,A12,1,en,ASVspoof-corpus-terms,/media/storage/moonlab/strive-data/degraded/opus_16k/LA_E_2114624.wav,LA_E_2114624,LA_0016,test,opus_16k,opus@16k
opus_32k,A12,1,en,ASVspoof-corpus-terms,/media/storage/moonlab/strive-data/degraded/opus_32k/LA_E_2114624.wav,LA_E_2114624,LA_0016,test,opus_32k,opus@32k
g711_ulaw,A12,1,en,ASVspoof-corpus-terms,/media/storage/moonlab/strive-data/degraded/g711_ulaw/LA_E_2114624.wav,LA_E_2114624,LA_0016,test,g711_ulaw,g711_ulaw
narrowband_8k,A12,1,en,ASVspoof-corpus-terms,/media/storage/moonlab/strive-data/degraded/narrowband_8k/LA_E_2114624.wav,LA_E_2114624,LA_0016,test,narrowband_8k,narrowband
noise_10db,A12,1,en,ASVspoof-corpus-terms,/media/storage/moonlab/strive-data/degraded/noise_10db/LA_E_2114624.wav,LA_E_2114624,LA_0016,test,noise_10db,noise 10 dB SNR
clean,A17,1,en,ASVspoof-corpus-terms,/media/storage/moonlab/strive-data/degraded/clean/LA_E_9265417.wav,LA_E_9265417,LA_0044,test,clean,unmodified
opus_16k,A17,1,en,ASVspoof-corpus-terms,/media/storage/moonlab/strive-data/degraded/opus_16k/LA_E_9265417.wav,LA_E_9265417,LA_0044,test,opus_16k,opus@16k
opus_32k,A17,1,en,ASVspoof-corpus-terms,/media/storage/moonlab/strive-data/degraded/opus_32k/LA_E_9265417.wav,LA_E_9265417,LA_0044,test,opus_32k,opus@32k
g711_ulaw,A17,1,en,ASVspoof-corpus-terms,/media/storage/moonlab/strive-data/degraded/g711_ulaw/LA_E_9265417.wav,LA_E_9265417,LA_0044,test,g711_ulaw,g711_ulaw
narrowband_8k,A17,1,en,ASVspoof-corpus-terms,/media/storage/moonlab/strive-data/degraded/narrowband_8k/LA_E_9265417.wav,LA_E_9265417,LA_0044,test,narrowband_8k,narrowband
noise_10db,A17,1,en,ASVspoof-corpus-terms,/media/storage/moonlab/strive-data/degraded/noise_10db/LA_E_9265417.wav,LA_E_9265417,LA_0044,test,noise_10db,noise 10 dB SNR
clean,A07,1,en,ASVspoof-corpus-terms,/media/storage/moonlab/strive-data/degraded/clean/LA_E_4915401.wav,LA_E_4915401,LA_0033,test,clean,unmodified
opus_16k,A07,1,en,ASVspoof-corpus-terms,/media/storage/moonlab/strive-data/degraded/opus_16k/LA_E_4915401.wav,LA_E_4915401,LA_0033,test,opus_16k,opus@16k
opus_32k,A07,1,en,ASVspoof-corpus-terms,/media/storage/moonlab/strive-data/degraded/opus_32k/LA_E_4915401.wav,LA_E_4915401,LA_0033,test,opus_32k,opus@32k
g711_ulaw,A07,1,en,ASVspoof-corpus-terms,/media/storage/moonlab/strive-data/degraded/g711_ulaw/LA_E_4915401.wav,LA_E_4915401,LA_0033,test,g711_ulaw,g711_ulaw
narrowband_8k,A07,1,en,ASVspoof-corpus-terms,/media/storage/moonlab/strive-data/degraded/narrowband_8k/LA_E_4915401.wav,LA_E_4915401,LA_0033,test,narrowband_8k,narrowband
noise_10db,A07,1,en,ASVspoof-corpus-terms,/media/storage/moonlab/strive-data/degraded/noise_10db/LA_E_4915401.wav,LA_E_4915401,LA_0033,test,noise_10db,noise 10 dB SNR
clean,A11,1,en,ASVspoof-corpus-terms,/media/storage/moonlab/strive-data/degraded/clean/LA_E_4381854.wav,LA_E_4381854,LA_0042,test,clean,unmodified
opus_16k,A11,1,en,ASVspoof-corpus-terms,/media/storage/moonlab/strive-data/degraded/opus_16k/LA_E_4381854.wav,LA_E_4381854,LA_0042,test,opus_16k,opus@16k
opus_32k,A11,1,en,ASVspoof-corpus-terms,/media/storage/moonlab/strive-data/degraded/opus_32k/LA_E_4381854.wav,LA_E_4381854,LA_0042,test,opus_32k,opus@32k
g711_ulaw,A11,1,en,ASVspoof-corpus-terms,/media/storage/moonlab/strive-data/degraded/g711_ulaw/LA_E_4381854.wav,LA_E_4381854,LA_0042,test,g711_ulaw,g711_ulaw
narrowband_8k,A11,1,en,ASVspoof-corpus-terms,/media/storage/moonlab/strive-data/degraded/narrowband_8k/LA_E_4381854.wav,LA_E_4381854,LA_0042,test,narrowband_8k,narrowband
noise_10db,A11,1,en,ASVspoof-corpus-terms,/media/storage/moonlab/strive-data/degraded/noise_10db/LA_E_4381854.wav,LA_E_4381854,LA_0042,test,noise_10db,noise 10 dB SNR
clean,A07,1,en,ASVspoof-corpus-terms,/media/storage/moonlab/strive-data/degraded/clean/LA_E_3557859.wav,LA_E_3557859,LA_0022,test,clean,unmodified
opus_16k,A07,1,en,ASVspoof-corpus-terms,/media/storage/moonlab/strive-data/degraded/opus_16k/LA_E_3557859.wav,LA_E_3557859,LA_0022,test,opus_16k,opus@16k
opus_32k,A07,1,en,ASVspoof-corpus-terms,/media/storage/moonlab/strive-data/degraded/opus_32k/LA_E_3557859.wav,LA_E_3557859,LA_0022,test,opus_32k,opus@32k
g711_ulaw,A07,1,en,ASVspoof-corpus-terms,/media/storage/moonlab/strive-data/degraded/g711_ulaw/LA_E_3557859.wav,LA_E_3557859,LA_0022,test,g711_ulaw,g711_ulaw
narrowband_8k,A07,1,en,ASVspoof-corpus-terms,/media/storage/moonlab/strive-data/degraded/narrowband_8k/LA_E_3557859.wav,LA_E_3557859,LA_0022,test,narrowband_8k,narrowband
noise_10db,A07,1,en,ASVspoof-corpus-terms,/media/storage/moonlab/strive-data/degraded/noise_10db/LA_E_3557859.wav,LA_E_3557859,LA_0022,test,noise_10db,noise 10 dB SNR
clean,A10,1,en,ASVspoof-corpus-terms,/media/storage/moonlab/strive-data/degraded/clean/LA_E_7960251.wav,LA_E_7960251,LA_0038,test,clean,unmodified
opus_16k,A10,1,en,ASVspoof-corpus-terms,/media/storage/moonlab/strive-data/degraded/opus_16k/LA_E_7960251.wav,LA_E_7960251,LA_0038,test,opus_16k,opus@16k
opus_32k,A10,1,en,ASVspoof-corpus-terms,/media/storage/moonlab/strive-data/degraded/opus_32k/LA_E_7960251.wav,LA_E_7960251,LA_0038,test,opus_32k,opus@32k
g711_ulaw,A10,1,en,ASVspoof-corpus-terms,/media/storage/moonlab/strive-data/degraded/g711_ulaw/LA_E_7960251.wav,LA_E_7960251,LA_0038,test,g711_ulaw,g711_ulaw
narrowband_8k,A10,1,en,ASVspoof-corpus-terms,/media/storage/moonlab/strive-data/degraded/narrowband_8k/LA_E_7960251.wav,LA_E_7960251,LA_0038,test,narrowband_8k,narrowband
noise_10db,A10,1,en,ASVspoof-corpus-terms,/media/storage/moonlab/strive-data/degraded/noise_10db/LA_E_7960251.wav,LA_E_7960251,LA_0038,test,noise_10db,noise 10 dB SNR
clean,A15,1,en,ASVspoof-corpus-terms,/media/storage/moonlab/strive-data/degraded/clean/LA_E_8453428.wav,LA_E_8453428,LA_0016,test,clean,unmodified
opus_16k,A15,1,en,ASVspoof-corpus-terms,/media/storage/moonlab/strive-data/degraded/opus_16k/LA_E_8453428.wav,LA_E_8453428,LA_0016,test,opus_16k,opus@16k
opus_32k,A15,1,en,ASVspoof-corpus-terms,/media/storage/moonlab/strive-data/degraded/opus_32k/LA_E_8453428.wav,LA_E_8453428,LA_0016,test,opus_32k,opus@32k
g711_ulaw,A15,1,en,ASVspoof-corpus-terms,/media/storage/moonlab/strive-data/degraded/g711_ulaw/LA_E_8453428.wav,LA_E_8453428,LA_0016,test,g711_ulaw,g711_ulaw
narrowband_8k,A15,1,en,ASVspoof-corpus-terms,/media/storage/moonlab/strive-data/degraded/narrowband_8k/LA_E_8453428.wav,LA_E_8453428,LA_0016,test,narrowband_8k,narrowband
noise_10db,A15,1,en,ASVspoof-corpus-terms,/media/storage/moonlab/strive-data/degraded/noise_10db/LA_E_8453428.wav,LA_E_8453428,LA_0016,test,noise_10db,noise 10 dB SNR
clean,A19,1,en,ASVspoof-corpus-terms,/media/storage/moonlab/strive-data/degraded/clean/LA_E_9834344.wav,LA_E_9834344,LA_0012,test,clean,unmodified
opus_16k,A19,1,en,ASVspoof-corpus-terms,/media/storage/moonlab/strive-data/degraded/opus_16k/LA_E_9834344.wav,LA_E_9834344,LA_0012,test,opus_16k,opus@16k
opus_32k,A19,1,en,ASVspoof-corpus-terms,/media/storage/moonlab/strive-data/degraded/opus_32k/LA_E_9834344.wav,LA_E_9834344,LA_0012,test,opus_32k,opus@32k
g711_ulaw,A19,1,en,ASVspoof-corpus-terms,/media/storage/moonlab/strive-data/degraded/g711_ulaw/LA_E_9834344.wav,LA_E_9834344,LA_0012,test,g711_ulaw,g711_ulaw
narrowband_8k,A19,1,en,ASVspoof-corpus-terms,/media/storage/moonlab/strive-data/degraded/narrowband_8k/LA_E_9834344.wav,LA_E_9834344,LA_0012,test,narrowband_8k,narrowband
noise_10db,A19,1,en,ASVspoof-corpus-terms,/media/storage/moonlab/strive-data/degraded/noise_10db/LA_E_9834344.wav,LA_E_9834344,LA_0012,test,noise_10db,noise 10 dB SNR
clean,A16,1,en,ASVspoof-corpus-terms,/media/storage/moonlab/strive-data/degraded/clean/LA_E_9413281.wav,LA_E_9413281,LA_0046,test,clean,unmodified
opus_16k,A16,1,en,ASVspoof-corpus-terms,/media/storage/moonlab/strive-data/degraded/opus_16k/LA_E_9413281.wav,LA_E_9413281,LA_0046,test,opus_16k,opus@16k
opus_32k,A16,1,en,ASVspoof-corpus-terms,/media/storage/moonlab/strive-data/degraded/opus_32k/LA_E_9413281.wav,LA_E_9413281,LA_0046,test,opus_32k,opus@32k
g711_ulaw,A16,1,en,ASVspoof-corpus-terms,/media/storage/moonlab/strive-data/degraded/g711_ulaw/LA_E_9413281.wav,LA_E_9413281,LA_0046,test,g711_ulaw,g711_ulaw
narrowband_8k,A16,1,en,ASVspoof-corpus-terms,/media/storage/moonlab/strive-data/degraded/narrowband_8k/LA_E_9413281.wav,LA_E_9413281,LA_0046,test,narrowband_8k,narrowband
noise_10db,A16,1,en,ASVspoof-corpus-terms,/media/storage/moonlab/strive-data/degraded/noise_10db/LA_E_9413281.wav,LA_E_9413281,LA_0046,test,noise_10db,noise 10 dB SNR
clean,A10,1,en,ASVspoof-corpus-terms,/media/storage/moonlab/strive-data/degraded/clean/LA_E_9531590.wav,LA_E_9531590,LA_0023,test,clean,unmodified
opus_16k,A10,1,en,ASVspoof-corpus-terms,/media/storage/moonlab/strive-data/degraded/opus_16k/LA_E_9531590.wav,LA_E_9531590,LA_0023,test,opus_16k,opus@16k
opus_32k,A10,1,en,ASVspoof-corpus-terms,/media/storage/moonlab/strive-data/degraded/opus_32k/LA_E_9531590.wav,LA_E_9531590,LA_0023,test,opus_32k,opus@32k
g711_ulaw,A10,1,en,ASVspoof-corpus-terms,/media/storage/moonlab/strive-data/degraded/g711_ulaw/LA_E_9531590.wav,LA_E_9531590,LA_0023,test,g711_ulaw,g711_ulaw
narrowband_8k,A10,1,en,ASVspoof-corpus-terms,/media/storage/moonlab/strive-data/degraded/narrowband_8k/LA_E_9531590.wav,LA_E_9531590,LA_0023,test,narrowband_8k,narrowband
noise_10db,A10,1,en,ASVspoof-corpus-terms,/media/storage/moonlab/strive-data/degraded/noise_10db/LA_E_9531590.wav,LA_E_9531590,LA_0023,test,noise_10db,noise 10 dB SNR
clean,A08,1,en,ASVspoof-corpus-terms,/media/storage/moonlab/strive-data/degraded/clean/LA_E_5407548.wav,LA_E_5407548,LA_0016,test,clean,unmodified
opus_16k,A08,1,en,ASVspoof-corpus-terms,/media/storage/moonlab/strive-data/degraded/opus_16k/LA_E_5407548.wav,LA_E_5407548,LA_0016,test,opus_16k,opus@16k
opus_32k,A08,1,en,ASVspoof-corpus-terms,/media/storage/moonlab/strive-data/degraded/opus_32k/LA_E_5407548.wav,LA_E_5407548,LA_0016,test,opus_32k,opus@32k
g711_ulaw,A08,1,en,ASVspoof-corpus-terms,/media/storage/moonlab/strive-data/degraded/g711_ulaw/LA_E_5407548.wav,LA_E_5407548,LA_0016,test,g711_ulaw,g711_ulaw
narrowband_8k,A08,1,en,ASVspoof-corpus-terms,/media/storage/moonlab/strive-data/degraded/narrowband_8k/LA_E_5407548.wav,LA_E_5407548,LA_0016,test,narrowband_8k,narrowband
noise_10db,A08,1,en,ASVspoof-corpus-terms,/media/storage/moonlab/strive-data/degraded/noise_10db/LA_E_5407548.wav,LA_E_5407548,LA_0016,test,noise_10db,noise 10 dB SNR
clean,A09,1,en,ASVspoof-corpus-terms,/media/storage/moonlab/strive-data/degraded/clean/LA_E_9184232.wav,LA_E_9184232,LA_0034,test,clean,unmodified
opus_16k,A09,1,en,ASVspoof-corpus-terms,/media/storage/moonlab/strive-data/degraded/opus_16k/LA_E_9184232.wav,LA_E_9184232,LA_0034,test,opus_16k,opus@16k
opus_32k,A09,1,en,ASVspoof-corpus-terms,/media/storage/moonlab/strive-data/degraded/opus_32k/LA_E_9184232.wav,LA_E_9184232,LA_0034,test,opus_32k,opus@32k
g711_ulaw,A09,1,en,ASVspoof-corpus-terms,/media/storage/moonlab/strive-data/degraded/g711_ulaw/LA_E_9184232.wav,LA_E_9184232,LA_0034,test,g711_ulaw,g711_ulaw
narrowband_8k,A09,1,en,ASVspoof-corpus-terms,/media/storage/moonlab/strive-data/degraded/narrowband_8k/LA_E_9184232.wav,LA_E_9184232,LA_0034,test,narrowband_8k,narrowband
noise_10db,A09,1,en,ASVspoof-corpus-terms,/media/storage/moonlab/strive-data/degraded/noise_10db/LA_E_9184232.wav,LA_E_9184232,LA_0034,test,noise_10db,noise 10 dB SNR
clean,A08,1,en,ASVspoof-corpus-terms,/media/storage/moonlab/strive-data/degraded/clean/LA_E_1124748.wav,LA_E_1124748,LA_0027,test,clean,unmodified
opus_16k,A08,1,en,ASVspoof-corpus-terms,/media/storage/moonlab/strive-data/degraded/opus_16k/LA_E_1124748.wav,LA_E_1124748,LA_0027,test,opus_16k,opus@16k
opus_32k,A08,1,en,ASVspoof-corpus-terms,/media/storage/moonlab/strive-data/degraded/opus_32k/LA_E_1124748.wav,LA_E_1124748,LA_0027,test,opus_32k,opus@32k
g711_ulaw,A08,1,en,ASVspoof-corpus-terms,/media/storage/moonlab/strive-data/degraded/g711_ulaw/LA_E_1124748.wav,LA_E_1124748,LA_0027,test,g711_ulaw,g711_ulaw
narrowband_8k,A08,1,en,ASVspoof-corpus-terms,/media/storage/moonlab/strive-data/degraded/narrowband_8k/LA_E_1124748.wav,LA_E_1124748,LA_0027,test,narrowband_8k,narrowband
noise_10db,A08,1,en,ASVspoof-corpus-terms,/media/storage/moonlab/strive-data/degraded/noise_10db/LA_E_1124748.wav,LA_E_1124748,LA_0027,test,noise_10db,noise 10 dB SNR
clean,A12,1,en,ASVspoof-corpus-terms,/media/storage/moonlab/strive-data/degraded/clean/LA_E_8304023.wav,LA_E_8304023,LA_0034,test,clean,unmodified
opus_16k,A12,1,en,ASVspoof-corpus-terms,/media/storage/moonlab/strive-data/degraded/opus_16k/LA_E_8304023.wav,LA_E_8304023,LA_0034,test,opus_16k,opus@16k
opus_32k,A12,1,en,ASVspoof-corpus-terms,/media/storage/moonlab/strive-data/degraded/opus_32k/LA_E_8304023.wav,LA_E_8304023,LA_0034,test,opus_32k,opus@32k
g711_ulaw,A12,1,en,ASVspoof-corpus-terms,/media/storage/moonlab/strive-data/degraded/g711_ulaw/LA_E_8304023.wav,LA_E_8304023,LA_0034,test,g711_ulaw,g711_ulaw
narrowband_8k,A12,1,en,ASVspoof-corpus-terms,/media/storage/moonlab/strive-data/degraded/narrowband_8k/LA_E_8304023.wav,LA_E_8304023,LA_0034,test,narrowband_8k,narrowband
noise_10db,A12,1,en,ASVspoof-corpus-terms,/media/storage/moonlab/strive-data/degraded/noise_10db/LA_E_8304023.wav,LA_E_8304023,LA_0034,test,noise_10db,noise 10 dB SNR
clean,A19,1,en,ASVspoof-corpus-terms,/media/storage/moonlab/strive-data/degraded/clean/LA_E_7487755.wav,LA_E_7487755,LA_0007,test,clean,unmodified
opus_16k,A19,1,en,ASVspoof-corpus-terms,/media/storage/moonlab/strive-data/degraded/opus_16k/LA_E_7487755.wav,LA_E_7487755,LA_0007,test,opus_16k,opus@16k
opus_32k,A19,1,en,ASVspoof-corpus-terms,/media/storage/moonlab/strive-data/degraded/opus_32k/LA_E_7487755.wav,LA_E_7487755,LA_0007,test,opus_32k,opus@32k
g711_ulaw,A19,1,en,ASVspoof-corpus-terms,/media/storage/moonlab/strive-data/degraded/g711_ulaw/LA_E_7487755.wav,LA_E_7487755,LA_0007,test,g711_ulaw,g711_ulaw
narrowband_8k,A19,1,en,ASVspoof-corpus-terms,/media/storage/moonlab/strive-data/degraded/narrowband_8k/LA_E_7487755.wav,LA_E_7487755,LA_0007,test,narrowband_8k,narrowband
noise_10db,A19,1,en,ASVspoof-corpus-terms,/media/storage/moonlab/strive-data/degraded/noise_10db/LA_E_7487755.wav,LA_E_7487755,LA_0007,test,noise_10db,noise 10 dB SNR
clean,A11,1,en,ASVspoof-corpus-terms,/media/storage/moonlab/strive-data/degraded/clean/LA_E_3803878.wav,LA_E_3803878,LA_0037,test,clean,unmodified
opus_16k,A11,1,en,ASVspoof-corpus-terms,/media/storage/moonlab/strive-data/degraded/opus_16k/LA_E_3803878.wav,LA_E_3803878,LA_0037,test,opus_16k,opus@16k
opus_32k,A11,1,en,ASVspoof-corpus-terms,/media/storage/moonlab/strive-data/degraded/opus_32k/LA_E_3803878.wav,LA_E_3803878,LA_0037,test,opus_32k,opus@32k
g711_ulaw,A11,1,en,ASVspoof-corpus-terms,/media/storage/moonlab/strive-data/degraded/g711_ulaw/LA_E_3803878.wav,LA_E_3803878,LA_0037,test,g711_ulaw,g711_ulaw
narrowband_8k,A11,1,en,ASVspoof-corpus-terms,/media/storage/moonlab/strive-data/degraded/narrowband_8k/LA_E_3803878.wav,LA_E_3803878,LA_0037,test,narrowband_8k,narrowband
noise_10db,A11,1,en,ASVspoof-corpus-terms,/media/storage/moonlab/strive-data/degraded/noise_10db/LA_E_3803878.wav,LA_E_3803878,LA_0037,test,noise_10db,noise 10 dB SNR
clean,A16,1,en,ASVspoof-corpus-terms,/media/storage/moonlab/strive-data/degraded/clean/LA_E_3759981.wav,LA_E_3759981,LA_0016,test,clean,unmodified
opus_16k,A16,1,en,ASVspoof-corpus-terms,/media/storage/moonlab/strive-data/degraded/opus_16k/LA_E_3759981.wav,LA_E_3759981,LA_0016,test,opus_16k,opus@16k
opus_32k,A16,1,en,ASVspoof-corpus-terms,/media/storage/moonlab/strive-data/degraded/opus_32k/LA_E_3759981.wav,LA_E_3759981,LA_0016,test,opus_32k,opus@32k
g711_ulaw,A16,1,en,ASVspoof-corpus-terms,/media/storage/moonlab/strive-data/degraded/g711_ulaw/LA_E_3759981.wav,LA_E_3759981,LA_0016,test,g711_ulaw,g711_ulaw
narrowband_8k,A16,1,en,ASVspoof-corpus-terms,/media/storage/moonlab/strive-data/degraded/narrowband_8k/LA_E_3759981.wav,LA_E_3759981,LA_0016,test,narrowband_8k,narrowband
noise_10db,A16,1,en,ASVspoof-corpus-terms,/media/storage/moonlab/strive-data/degraded/noise_10db/LA_E_3759981.wav,LA_E_3759981,LA_0016,test,noise_10db,noise 10 dB SNR
clean,A17,1,en,ASVspoof-corpus-terms,/media/storage/moonlab/strive-data/degraded/clean/LA_E_6262274.wav,LA_E_6262274,LA_0015,test,clean,unmodified
opus_16k,A17,1,en,ASVspoof-corpus-terms,/media/storage/moonlab/strive-data/degraded/opus_16k/LA_E_6262274.wav,LA_E_6262274,LA_0015,test,opus_16k,opus@16k
opus_32k,A17,1,en,ASVspoof-corpus-terms,/media/storage/moonlab/strive-data/degraded/opus_32k/LA_E_6262274.wav,LA_E_6262274,LA_0015,test,opus_32k,opus@32k
g711_ulaw,A17,1,en,ASVspoof-corpus-terms,/media/storage/moonlab/strive-data/degraded/g711_ulaw/LA_E_6262274.wav,LA_E_6262274,LA_0015,test,g711_ulaw,g711_ulaw
narrowband_8k,A17,1,en,ASVspoof-corpus-terms,/media/storage/moonlab/strive-data/degraded/narrowband_8k/LA_E_6262274.wav,LA_E_6262274,LA_0015,test,narrowband_8k,narrowband
noise_10db,A17,1,en,ASVspoof-corpus-terms,/media/storage/moonlab/strive-data/degraded/noise_10db/LA_E_6262274.wav,LA_E_6262274,LA_0015,test,noise_10db,noise 10 dB SNR
clean,A10,1,en,ASVspoof-corpus-terms,/media/storage/moonlab/strive-data/degraded/clean/LA_E_5446738.wav,LA_E_5446738,LA_0006,test,clean,unmodified
opus_16k,A10,1,en,ASVspoof-corpus-terms,/media/storage/moonlab/strive-data/degraded/opus_16k/LA_E_5446738.wav,LA_E_5446738,LA_0006,test,opus_16k,opus@16k
opus_32k,A10,1,en,ASVspoof-corpus-terms,/media/storage/moonlab/strive-data/degraded/opus_32k/LA_E_5446738.wav,LA_E_5446738,LA_0006,test,opus_32k,opus@32k
g711_ulaw,A10,1,en,ASVspoof-corpus-terms,/media/storage/moonlab/strive-data/degraded/g711_ulaw/LA_E_5446738.wav,LA_E_5446738,LA_0006,test,g711_ulaw,g711_ulaw
narrowband_8k,A10,1,en,ASVspoof-corpus-terms,/media/storage/moonlab/strive-data/degraded/narrowband_8k/LA_E_5446738.wav,LA_E_5446738,LA_0006,test,narrowband_8k,narrowband
noise_10db,A10,1,en,ASVspoof-corpus-terms,/media/storage/moonlab/strive-data/degraded/noise_10db/LA_E_5446738.wav,LA_E_5446738,LA_0006,test,noise_10db,noise 10 dB SNR
clean,A19,1,en,ASVspoof-corpus-terms,/media/storage/moonlab/strive-data/degraded/clean/LA_E_9540785.wav,LA_E_9540785,LA_0026,test,clean,unmodified
opus_16k,A19,1,en,ASVspoof-corpus-terms,/media/storage/moonlab/strive-data/degraded/opus_16k/LA_E_9540785.wav,LA_E_9540785,LA_0026,test,opus_16k,opus@16k
opus_32k,A19,1,en,ASVspoof-corpus-terms,/media/storage/moonlab/strive-data/degraded/opus_32k/LA_E_9540785.wav,LA_E_9540785,LA_0026,test,opus_32k,opus@32k
g711_ulaw,A19,1,en,ASVspoof-corpus-terms,/media/storage/moonlab/strive-data/degraded/g711_ulaw/LA_E_9540785.wav,LA_E_9540785,LA_0026,test,g711_ulaw,g711_ulaw
narrowband_8k,A19,1,en,ASVspoof-corpus-terms,/media/storage/moonlab/strive-data/degraded/narrowband_8k/LA_E_9540785.wav,LA_E_9540785,LA_0026,test,narrowband_8k,narrowband
noise_10db,A19,1,en,ASVspoof-corpus-terms,/media/storage/moonlab/strive-data/degraded/noise_10db/LA_E_9540785.wav,LA_E_9540785,LA_0026,test,noise_10db,noise 10 dB SNR
clean,A12,1,en,ASVspoof-corpus-terms,/media/storage/moonlab/strive-data/degraded/clean/LA_E_5969426.wav,LA_E_5969426,LA_0008,test,clean,unmodified
opus_16k,A12,1,en,ASVspoof-corpus-terms,/media/storage/moonlab/strive-data/degraded/opus_16k/LA_E_5969426.wav,LA_E_5969426,LA_0008,test,opus_16k,opus@16k
opus_32k,A12,1,en,ASVspoof-corpus-terms,/media/storage/moonlab/strive-data/degraded/opus_32k/LA_E_5969426.wav,LA_E_5969426,LA_0008,test,opus_32k,opus@32k
g711_ulaw,A12,1,en,ASVspoof-corpus-terms,/media/storage/moonlab/strive-data/degraded/g711_ulaw/LA_E_5969426.wav,LA_E_5969426,LA_0008,test,g711_ulaw,g711_ulaw
narrowband_8k,A12,1,en,ASVspoof-corpus-terms,/media/storage/moonlab/strive-data/degraded/narrowband_8k/LA_E_5969426.wav,LA_E_5969426,LA_0008,test,narrowband_8k,narrowband
noise_10db,A12,1,en,ASVspoof-corpus-terms,/media/storage/moonlab/strive-data/degraded/noise_10db/LA_E_5969426.wav,LA_E_5969426,LA_0008,test,noise_10db,noise 10 dB SNR
clean,A07,1,en,ASVspoof-corpus-terms,/media/storage/moonlab/strive-data/degraded/clean/LA_E_3139435.wav,LA_E_3139435,LA_0041,test,clean,unmodified
opus_16k,A07,1,en,ASVspoof-corpus-terms,/media/storage/moonlab/strive-data/degraded/opus_16k/LA_E_3139435.wav,LA_E_3139435,LA_0041,test,opus_16k,opus@16k
opus_32k,A07,1,en,ASVspoof-corpus-terms,/media/storage/moonlab/strive-data/degraded/opus_32k/LA_E_3139435.wav,LA_E_3139435,LA_0041,test,opus_32k,opus@32k
g711_ulaw,A07,1,en,ASVspoof-corpus-terms,/media/storage/moonlab/strive-data/degraded/g711_ulaw/LA_E_3139435.wav,LA_E_3139435,LA_0041,test,g711_ulaw,g711_ulaw
narrowband_8k,A07,1,en,ASVspoof-corpus-terms,/media/storage/moonlab/strive-data/degraded/narrowband_8k/LA_E_3139435.wav,LA_E_3139435,LA_0041,test,narrowband_8k,narrowband
noise_10db,A07,1,en,ASVspoof-corpus-terms,/media/storage/moonlab/strive-data/degraded/noise_10db/LA_E_3139435.wav,LA_E_3139435,LA_0041,test,noise_10db,noise 10 dB SNR
clean,A13,1,en,ASVspoof-corpus-terms,/media/storage/moonlab/strive-data/degraded/clean/LA_E_7686262.wav,LA_E_7686262,LA_0028,test,clean,unmodified
opus_16k,A13,1,en,ASVspoof-corpus-terms,/media/storage/moonlab/strive-data/degraded/opus_16k/LA_E_7686262.wav,LA_E_7686262,LA_0028,test,opus_16k,opus@16k
opus_32k,A13,1,en,ASVspoof-corpus-terms,/media/storage/moonlab/strive-data/degraded/opus_32k/LA_E_7686262.wav,LA_E_7686262,LA_0028,test,opus_32k,opus@32k
g711_ulaw,A13,1,en,ASVspoof-corpus-terms,/media/storage/moonlab/strive-data/degraded/g711_ulaw/LA_E_7686262.wav,LA_E_7686262,LA_0028,test,g711_ulaw,g711_ulaw
narrowband_8k,A13,1,en,ASVspoof-corpus-terms,/media/storage/moonlab/strive-data/degraded/narrowband_8k/LA_E_7686262.wav,LA_E_7686262,LA_0028,test,narrowband_8k,narrowband
noise_10db,A13,1,en,ASVspoof-corpus-terms,/media/storage/moonlab/strive-data/degraded/noise_10db/LA_E_7686262.wav,LA_E_7686262,LA_0028,test,noise_10db,noise 10 dB SNR
clean,A12,1,en,ASVspoof-corpus-terms,/media/storage/moonlab/strive-data/degraded/clean/LA_E_3193935.wav,LA_E_3193935,LA_0038,test,clean,unmodified
opus_16k,A12,1,en,ASVspoof-corpus-terms,/media/storage/moonlab/strive-data/degraded/opus_16k/LA_E_3193935.wav,LA_E_3193935,LA_0038,test,opus_16k,opus@16k
opus_32k,A12,1,en,ASVspoof-corpus-terms,/media/storage/moonlab/strive-data/degraded/opus_32k/LA_E_3193935.wav,LA_E_3193935,LA_0038,test,opus_32k,opus@32k
g711_ulaw,A12,1,en,ASVspoof-corpus-terms,/media/storage/moonlab/strive-data/degraded/g711_ulaw/LA_E_3193935.wav,LA_E_3193935,LA_0038,test,g711_ulaw,g711_ulaw
narrowband_8k,A12,1,en,ASVspoof-corpus-terms,/media/storage/moonlab/strive-data/degraded/narrowband_8k/LA_E_3193935.wav,LA_E_3193935,LA_0038,test,narrowband_8k,narrowband
noise_10db,A12,1,en,ASVspoof-corpus-terms,/media/storage/moonlab/strive-data/degraded/noise_10db/LA_E_3193935.wav,LA_E_3193935,LA_0038,test,noise_10db,noise 10 dB SNR
clean,A19,1,en,ASVspoof-corpus-terms,/media/storage/moonlab/strive-data/degraded/clean/LA_E_9542422.wav,LA_E_9542422,LA_0015,test,clean,unmodified
opus_16k,A19,1,en,ASVspoof-corpus-terms,/media/storage/moonlab/strive-data/degraded/opus_16k/LA_E_9542422.wav,LA_E_9542422,LA_0015,test,opus_16k,opus@16k
opus_32k,A19,1,en,ASVspoof-corpus-terms,/media/storage/moonlab/strive-data/degraded/opus_32k/LA_E_9542422.wav,LA_E_9542422,LA_0015,test,opus_32k,opus@32k
g711_ulaw,A19,1,en,ASVspoof-corpus-terms,/media/storage/moonlab/strive-data/degraded/g711_ulaw/LA_E_9542422.wav,LA_E_9542422,LA_0015,test,g711_ulaw,g711_ulaw
narrowband_8k,A19,1,en,ASVspoof-corpus-terms,/media/storage/moonlab/strive-data/degraded/narrowband_8k/LA_E_9542422.wav,LA_E_9542422,LA_0015,test,narrowband_8k,narrowband
noise_10db,A19,1,en,ASVspoof-corpus-terms,/media/storage/moonlab/strive-data/degraded/noise_10db/LA_E_9542422.wav,LA_E_9542422,LA_0015,test,noise_10db,noise 10 dB SNR
clean,A12,1,en,ASVspoof-corpus-terms,/media/storage/moonlab/strive-data/degraded/clean/LA_E_7625255.wav,LA_E_7625255,LA_0044,test,clean,unmodified
opus_16k,A12,1,en,ASVspoof-corpus-terms,/media/storage/moonlab/strive-data/degraded/opus_16k/LA_E_7625255.wav,LA_E_7625255,LA_0044,test,opus_16k,opus@16k
opus_32k,A12,1,en,ASVspoof-corpus-terms,/media/storage/moonlab/strive-data/degraded/opus_32k/LA_E_7625255.wav,LA_E_7625255,LA_0044,test,opus_32k,opus@32k
g711_ulaw,A12,1,en,ASVspoof-corpus-terms,/media/storage/moonlab/strive-data/degraded/g711_ulaw/LA_E_7625255.wav,LA_E_7625255,LA_0044,test,g711_ulaw,g711_ulaw
narrowband_8k,A12,1,en,ASVspoof-corpus-terms,/media/storage/moonlab/strive-data/degraded/narrowband_8k/LA_E_7625255.wav,LA_E_7625255,LA_0044,test,narrowband_8k,narrowband
noise_10db,A12,1,en,ASVspoof-corpus-terms,/media/storage/moonlab/strive-data/degraded/noise_10db/LA_E_7625255.wav,LA_E_7625255,LA_0044,test,noise_10db,noise 10 dB SNR
clean,A12,1,en,ASVspoof-corpus-terms,/media/storage/moonlab/strive-data/degraded/clean/LA_E_1727962.wav,LA_E_1727962,LA_0034,test,clean,unmodified
opus_16k,A12,1,en,ASVspoof-corpus-terms,/media/storage/moonlab/strive-data/degraded/opus_16k/LA_E_1727962.wav,LA_E_1727962,LA_0034,test,opus_16k,opus@16k
opus_32k,A12,1,en,ASVspoof-corpus-terms,/media/storage/moonlab/strive-data/degraded/opus_32k/LA_E_1727962.wav,LA_E_1727962,LA_0034,test,opus_32k,opus@32k
g711_ulaw,A12,1,en,ASVspoof-corpus-terms,/media/storage/moonlab/strive-data/degraded/g711_ulaw/LA_E_1727962.wav,LA_E_1727962,LA_0034,test,g711_ulaw,g711_ulaw
narrowband_8k,A12,1,en,ASVspoof-corpus-terms,/media/storage/moonlab/strive-data/degraded/narrowband_8k/LA_E_1727962.wav,LA_E_1727962,LA_0034,test,narrowband_8k,narrowband
noise_10db,A12,1,en,ASVspoof-corpus-terms,/media/storage/moonlab/strive-data/degraded/noise_10db/LA_E_1727962.wav,LA_E_1727962,LA_0034,test,noise_10db,noise 10 dB SNR
clean,A13,1,en,ASVspoof-corpus-terms,/media/storage/moonlab/strive-data/degraded/clean/LA_E_4525116.wav,LA_E_4525116,LA_0020,test,clean,unmodified
opus_16k,A13,1,en,ASVspoof-corpus-terms,/media/storage/moonlab/strive-data/degraded/opus_16k/LA_E_4525116.wav,LA_E_4525116,LA_0020,test,opus_16k,opus@16k
opus_32k,A13,1,en,ASVspoof-corpus-terms,/media/storage/moonlab/strive-data/degraded/opus_32k/LA_E_4525116.wav,LA_E_4525116,LA_0020,test,opus_32k,opus@32k
g711_ulaw,A13,1,en,ASVspoof-corpus-terms,/media/storage/moonlab/strive-data/degraded/g711_ulaw/LA_E_4525116.wav,LA_E_4525116,LA_0020,test,g711_ulaw,g711_ulaw
narrowband_8k,A13,1,en,ASVspoof-corpus-terms,/media/storage/moonlab/strive-data/degraded/narrowband_8k/LA_E_4525116.wav,LA_E_4525116,LA_0020,test,narrowband_8k,narrowband
noise_10db,A13,1,en,ASVspoof-corpus-terms,/media/storage/moonlab/strive-data/degraded/noise_10db/LA_E_4525116.wav,LA_E_4525116,LA_0020,test,noise_10db,noise 10 dB SNR
clean,A07,1,en,ASVspoof-corpus-terms,/media/storage/moonlab/strive-data/degraded/clean/LA_E_3574273.wav,LA_E_3574273,LA_0014,test,clean,unmodified
opus_16k,A07,1,en,ASVspoof-corpus-terms,/media/storage/moonlab/strive-data/degraded/opus_16k/LA_E_3574273.wav,LA_E_3574273,LA_0014,test,opus_16k,opus@16k
opus_32k,A07,1,en,ASVspoof-corpus-terms,/media/storage/moonlab/strive-data/degraded/opus_32k/LA_E_3574273.wav,LA_E_3574273,LA_0014,test,opus_32k,opus@32k
g711_ulaw,A07,1,en,ASVspoof-corpus-terms,/media/storage/moonlab/strive-data/degraded/g711_ulaw/LA_E_3574273.wav,LA_E_3574273,LA_0014,test,g711_ulaw,g711_ulaw
narrowband_8k,A07,1,en,ASVspoof-corpus-terms,/media/storage/moonlab/strive-data/degraded/narrowband_8k/LA_E_3574273.wav,LA_E_3574273,LA_0014,test,narrowband_8k,narrowband
noise_10db,A07,1,en,ASVspoof-corpus-terms,/media/storage/moonlab/strive-data/degraded/noise_10db/LA_E_3574273.wav,LA_E_3574273,LA_0014,test,noise_10db,noise 10 dB SNR
clean,A19,1,en,ASVspoof-corpus-terms,/media/storage/moonlab/strive-data/degraded/clean/LA_E_3401260.wav,LA_E_3401260,LA_0017,test,clean,unmodified
opus_16k,A19,1,en,ASVspoof-corpus-terms,/media/storage/moonlab/strive-data/degraded/opus_16k/LA_E_3401260.wav,LA_E_3401260,LA_0017,test,opus_16k,opus@16k
opus_32k,A19,1,en,ASVspoof-corpus-terms,/media/storage/moonlab/strive-data/degraded/opus_32k/LA_E_3401260.wav,LA_E_3401260,LA_0017,test,opus_32k,opus@32k
g711_ulaw,A19,1,en,ASVspoof-corpus-terms,/media/storage/moonlab/strive-data/degraded/g711_ulaw/LA_E_3401260.wav,LA_E_3401260,LA_0017,test,g711_ulaw,g711_ulaw
narrowband_8k,A19,1,en,ASVspoof-corpus-terms,/media/storage/moonlab/strive-data/degraded/narrowband_8k/LA_E_3401260.wav,LA_E_3401260,LA_0017,test,narrowband_8k,narrowband
noise_10db,A19,1,en,ASVspoof-corpus-terms,/media/storage/moonlab/strive-data/degraded/noise_10db/LA_E_3401260.wav,LA_E_3401260,LA_0017,test,noise_10db,noise 10 dB SNR
clean,A12,1,en,ASVspoof-corpus-terms,/media/storage/moonlab/strive-data/degraded/clean/LA_E_5470356.wav,LA_E_5470356,LA_0046,test,clean,unmodified
opus_16k,A12,1,en,ASVspoof-corpus-terms,/media/storage/moonlab/strive-data/degraded/opus_16k/LA_E_5470356.wav,LA_E_5470356,LA_0046,test,opus_16k,opus@16k
opus_32k,A12,1,en,ASVspoof-corpus-terms,/media/storage/moonlab/strive-data/degraded/opus_32k/LA_E_5470356.wav,LA_E_5470356,LA_0046,test,opus_32k,opus@32k
g711_ulaw,A12,1,en,ASVspoof-corpus-terms,/media/storage/moonlab/strive-data/degraded/g711_ulaw/LA_E_5470356.wav,LA_E_5470356,LA_0046,test,g711_ulaw,g711_ulaw
narrowband_8k,A12,1,en,ASVspoof-corpus-terms,/media/storage/moonlab/strive-data/degraded/narrowband_8k/LA_E_5470356.wav,LA_E_5470356,LA_0046,test,narrowband_8k,narrowband
noise_10db,A12,1,en,ASVspoof-corpus-terms,/media/storage/moonlab/strive-data/degraded/noise_10db/LA_E_5470356.wav,LA_E_5470356,LA_0046,test,noise_10db,noise 10 dB SNR
clean,A18,1,en,ASVspoof-corpus-terms,/media/storage/moonlab/strive-data/degraded/clean/LA_E_2673908.wav,LA_E_2673908,LA_0007,test,clean,unmodified
opus_16k,A18,1,en,ASVspoof-corpus-terms,/media/storage/moonlab/strive-data/degraded/opus_16k/LA_E_2673908.wav,LA_E_2673908,LA_0007,test,opus_16k,opus@16k
opus_32k,A18,1,en,ASVspoof-corpus-terms,/media/storage/moonlab/strive-data/degraded/opus_32k/LA_E_2673908.wav,LA_E_2673908,LA_0007,test,opus_32k,opus@32k
g711_ulaw,A18,1,en,ASVspoof-corpus-terms,/media/storage/moonlab/strive-data/degraded/g711_ulaw/LA_E_2673908.wav,LA_E_2673908,LA_0007,test,g711_ulaw,g711_ulaw
narrowband_8k,A18,1,en,ASVspoof-corpus-terms,/media/storage/moonlab/strive-data/degraded/narrowband_8k/LA_E_2673908.wav,LA_E_2673908,LA_0007,test,narrowband_8k,narrowband
noise_10db,A18,1,en,ASVspoof-corpus-terms,/media/storage/moonlab/strive-data/degraded/noise_10db/LA_E_2673908.wav,LA_E_2673908,LA_0007,test,noise_10db,noise 10 dB SNR
clean,A13,1,en,ASVspoof-corpus-terms,/media/storage/moonlab/strive-data/degraded/clean/LA_E_6941543.wav,LA_E_6941543,LA_0007,test,clean,unmodified
opus_16k,A13,1,en,ASVspoof-corpus-terms,/media/storage/moonlab/strive-data/degraded/opus_16k/LA_E_6941543.wav,LA_E_6941543,LA_0007,test,opus_16k,opus@16k
opus_32k,A13,1,en,ASVspoof-corpus-terms,/media/storage/moonlab/strive-data/degraded/opus_32k/LA_E_6941543.wav,LA_E_6941543,LA_0007,test,opus_32k,opus@32k
g711_ulaw,A13,1,en,ASVspoof-corpus-terms,/media/storage/moonlab/strive-data/degraded/g711_ulaw/LA_E_6941543.wav,LA_E_6941543,LA_0007,test,g711_ulaw,g711_ulaw
narrowband_8k,A13,1,en,ASVspoof-corpus-terms,/media/storage/moonlab/strive-data/degraded/narrowband_8k/LA_E_6941543.wav,LA_E_6941543,LA_0007,test,narrowband_8k,narrowband
noise_10db,A13,1,en,ASVspoof-corpus-terms,/media/storage/moonlab/strive-data/degraded/noise_10db/LA_E_6941543.wav,LA_E_6941543,LA_0007,test,noise_10db,noise 10 dB SNR
clean,A07,1,en,ASVspoof-corpus-terms,/media/storage/moonlab/strive-data/degraded/clean/LA_E_9859089.wav,LA_E_9859089,LA_0007,test,clean,unmodified
opus_16k,A07,1,en,ASVspoof-corpus-terms,/media/storage/moonlab/strive-data/degraded/opus_16k/LA_E_9859089.wav,LA_E_9859089,LA_0007,test,opus_16k,opus@16k
opus_32k,A07,1,en,ASVspoof-corpus-terms,/media/storage/moonlab/strive-data/degraded/opus_32k/LA_E_9859089.wav,LA_E_9859089,LA_0007,test,opus_32k,opus@32k
g711_ulaw,A07,1,en,ASVspoof-corpus-terms,/media/storage/moonlab/strive-data/degraded/g711_ulaw/LA_E_9859089.wav,LA_E_9859089,LA_0007,test,g711_ulaw,g711_ulaw
narrowband_8k,A07,1,en,ASVspoof-corpus-terms,/media/storage/moonlab/strive-data/degraded/narrowband_8k/LA_E_9859089.wav,LA_E_9859089,LA_0007,test,narrowband_8k,narrowband
noise_10db,A07,1,en,ASVspoof-corpus-terms,/media/storage/moonlab/strive-data/degraded/noise_10db/LA_E_9859089.wav,LA_E_9859089,LA_0007,test,noise_10db,noise 10 dB SNR
clean,A19,1,en,ASVspoof-corpus-terms,/media/storage/moonlab/strive-data/degraded/clean/LA_E_3716625.wav,LA_E_3716625,LA_0017,test,clean,unmodified
opus_16k,A19,1,en,ASVspoof-corpus-terms,/media/storage/moonlab/strive-data/degraded/opus_16k/LA_E_3716625.wav,LA_E_3716625,LA_0017,test,opus_16k,opus@16k
opus_32k,A19,1,en,ASVspoof-corpus-terms,/media/storage/moonlab/strive-data/degraded/opus_32k/LA_E_3716625.wav,LA_E_3716625,LA_0017,test,opus_32k,opus@32k
g711_ulaw,A19,1,en,ASVspoof-corpus-terms,/media/storage/moonlab/strive-data/degraded/g711_ulaw/LA_E_3716625.wav,LA_E_3716625,LA_0017,test,g711_ulaw,g711_ulaw
narrowband_8k,A19,1,en,ASVspoof-corpus-terms,/media/storage/moonlab/strive-data/degraded/narrowband_8k/LA_E_3716625.wav,LA_E_3716625,LA_0017,test,narrowband_8k,narrowband
noise_10db,A19,1,en,ASVspoof-corpus-terms,/media/storage/moonlab/strive-data/degraded/noise_10db/LA_E_3716625.wav,LA_E_3716625,LA_0017,test,noise_10db,noise 10 dB SNR
clean,A07,1,en,ASVspoof-corpus-terms,/media/storage/moonlab/strive-data/degraded/clean/LA_E_2433246.wav,LA_E_2433246,LA_0015,test,clean,unmodified
opus_16k,A07,1,en,ASVspoof-corpus-terms,/media/storage/moonlab/strive-data/degraded/opus_16k/LA_E_2433246.wav,LA_E_2433246,LA_0015,test,opus_16k,opus@16k
opus_32k,A07,1,en,ASVspoof-corpus-terms,/media/storage/moonlab/strive-data/degraded/opus_32k/LA_E_2433246.wav,LA_E_2433246,LA_0015,test,opus_32k,opus@32k
g711_ulaw,A07,1,en,ASVspoof-corpus-terms,/media/storage/moonlab/strive-data/degraded/g711_ulaw/LA_E_2433246.wav,LA_E_2433246,LA_0015,test,g711_ulaw,g711_ulaw
narrowband_8k,A07,1,en,ASVspoof-corpus-terms,/media/storage/moonlab/strive-data/degraded/narrowband_8k/LA_E_2433246.wav,LA_E_2433246,LA_0015,test,narrowband_8k,narrowband
noise_10db,A07,1,en,ASVspoof-corpus-terms,/media/storage/moonlab/strive-data/degraded/noise_10db/LA_E_2433246.wav,LA_E_2433246,LA_0015,test,noise_10db,noise 10 dB SNR
clean,A15,1,en,ASVspoof-corpus-terms,/media/storage/moonlab/strive-data/degraded/clean/LA_E_6530699.wav,LA_E_6530699,LA_0005,test,clean,unmodified
opus_16k,A15,1,en,ASVspoof-corpus-terms,/media/storage/moonlab/strive-data/degraded/opus_16k/LA_E_6530699.wav,LA_E_6530699,LA_0005,test,opus_16k,opus@16k
opus_32k,A15,1,en,ASVspoof-corpus-terms,/media/storage/moonlab/strive-data/degraded/opus_32k/LA_E_6530699.wav,LA_E_6530699,LA_0005,test,opus_32k,opus@32k
g711_ulaw,A15,1,en,ASVspoof-corpus-terms,/media/storage/moonlab/strive-data/degraded/g711_ulaw/LA_E_6530699.wav,LA_E_6530699,LA_0005,test,g711_ulaw,g711_ulaw
narrowband_8k,A15,1,en,ASVspoof-corpus-terms,/media/storage/moonlab/strive-data/degraded/narrowband_8k/LA_E_6530699.wav,LA_E_6530699,LA_0005,test,narrowband_8k,narrowband
noise_10db,A15,1,en,ASVspoof-corpus-terms,/media/storage/moonlab/strive-data/degraded/noise_10db/LA_E_6530699.wav,LA_E_6530699,LA_0005,test,noise_10db,noise 10 dB SNR
clean,A08,1,en,ASVspoof-corpus-terms,/media/storage/moonlab/strive-data/degraded/clean/LA_E_6220224.wav,LA_E_6220224,LA_0046,test,clean,unmodified
opus_16k,A08,1,en,ASVspoof-corpus-terms,/media/storage/moonlab/strive-data/degraded/opus_16k/LA_E_6220224.wav,LA_E_6220224,LA_0046,test,opus_16k,opus@16k
opus_32k,A08,1,en,ASVspoof-corpus-terms,/media/storage/moonlab/strive-data/degraded/opus_32k/LA_E_6220224.wav,LA_E_6220224,LA_0046,test,opus_32k,opus@32k
g711_ulaw,A08,1,en,ASVspoof-corpus-terms,/media/storage/moonlab/strive-data/degraded/g711_ulaw/LA_E_6220224.wav,LA_E_6220224,LA_0046,test,g711_ulaw,g711_ulaw
narrowband_8k,A08,1,en,ASVspoof-corpus-terms,/media/storage/moonlab/strive-data/degraded/narrowband_8k/LA_E_6220224.wav,LA_E_6220224,LA_0046,test,narrowband_8k,narrowband
noise_10db,A08,1,en,ASVspoof-corpus-terms,/media/storage/moonlab/strive-data/degraded/noise_10db/LA_E_6220224.wav,LA_E_6220224,LA_0046,test,noise_10db,noise 10 dB SNR
clean,A09,1,en,ASVspoof-corpus-terms,/media/storage/moonlab/strive-data/degraded/clean/LA_E_9007051.wav,LA_E_9007051,LA_0044,test,clean,unmodified
opus_16k,A09,1,en,ASVspoof-corpus-terms,/media/storage/moonlab/strive-data/degraded/opus_16k/LA_E_9007051.wav,LA_E_9007051,LA_0044,test,opus_16k,opus@16k
opus_32k,A09,1,en,ASVspoof-corpus-terms,/media/storage/moonlab/strive-data/degraded/opus_32k/LA_E_9007051.wav,LA_E_9007051,LA_0044,test,opus_32k,opus@32k
g711_ulaw,A09,1,en,ASVspoof-corpus-terms,/media/storage/moonlab/strive-data/degraded/g711_ulaw/LA_E_9007051.wav,LA_E_9007051,LA_0044,test,g711_ulaw,g711_ulaw
narrowband_8k,A09,1,en,ASVspoof-corpus-terms,/media/storage/moonlab/strive-data/degraded/narrowband_8k/LA_E_9007051.wav,LA_E_9007051,LA_0044,test,narrowband_8k,narrowband
noise_10db,A09,1,en,ASVspoof-corpus-terms,/media/storage/moonlab/strive-data/degraded/noise_10db/LA_E_9007051.wav,LA_E_9007051,LA_0044,test,noise_10db,noise 10 dB SNR
clean,A15,1,en,ASVspoof-corpus-terms,/media/storage/moonlab/strive-data/degraded/clean/LA_E_9444465.wav,LA_E_9444465,LA_0033,test,clean,unmodified
opus_16k,A15,1,en,ASVspoof-corpus-terms,/media/storage/moonlab/strive-data/degraded/opus_16k/LA_E_9444465.wav,LA_E_9444465,LA_0033,test,opus_16k,opus@16k
opus_32k,A15,1,en,ASVspoof-corpus-terms,/media/storage/moonlab/strive-data/degraded/opus_32k/LA_E_9444465.wav,LA_E_9444465,LA_0033,test,opus_32k,opus@32k
g711_ulaw,A15,1,en,ASVspoof-corpus-terms,/media/storage/moonlab/strive-data/degraded/g711_ulaw/LA_E_9444465.wav,LA_E_9444465,LA_0033,test,g711_ulaw,g711_ulaw
narrowband_8k,A15,1,en,ASVspoof-corpus-terms,/media/storage/moonlab/strive-data/degraded/narrowband_8k/LA_E_9444465.wav,LA_E_9444465,LA_0033,test,narrowband_8k,narrowband
noise_10db,A15,1,en,ASVspoof-corpus-terms,/media/storage/moonlab/strive-data/degraded/noise_10db/LA_E_9444465.wav,LA_E_9444465,LA_0033,test,noise_10db,noise 10 dB SNR
clean,A14,1,en,ASVspoof-corpus-terms,/media/storage/moonlab/strive-data/degraded/clean/LA_E_9960399.wav,LA_E_9960399,LA_0014,test,clean,unmodified
opus_16k,A14,1,en,ASVspoof-corpus-terms,/media/storage/moonlab/strive-data/degraded/opus_16k/LA_E_9960399.wav,LA_E_9960399,LA_0014,test,opus_16k,opus@16k
opus_32k,A14,1,en,ASVspoof-corpus-terms,/media/storage/moonlab/strive-data/degraded/opus_32k/LA_E_9960399.wav,LA_E_9960399,LA_0014,test,opus_32k,opus@32k
g711_ulaw,A14,1,en,ASVspoof-corpus-terms,/media/storage/moonlab/strive-data/degraded/g711_ulaw/LA_E_9960399.wav,LA_E_9960399,LA_0014,test,g711_ulaw,g711_ulaw
narrowband_8k,A14,1,en,ASVspoof-corpus-terms,/media/storage/moonlab/strive-data/degraded/narrowband_8k/LA_E_9960399.wav,LA_E_9960399,LA_0014,test,narrowband_8k,narrowband
noise_10db,A14,1,en,ASVspoof-corpus-terms,/media/storage/moonlab/strive-data/degraded/noise_10db/LA_E_9960399.wav,LA_E_9960399,LA_0014,test,noise_10db,noise 10 dB SNR
clean,A15,1,en,ASVspoof-corpus-terms,/media/storage/moonlab/strive-data/degraded/clean/LA_E_6067058.wav,LA_E_6067058,LA_0001,test,clean,unmodified
opus_16k,A15,1,en,ASVspoof-corpus-terms,/media/storage/moonlab/strive-data/degraded/opus_16k/LA_E_6067058.wav,LA_E_6067058,LA_0001,test,opus_16k,opus@16k
opus_32k,A15,1,en,ASVspoof-corpus-terms,/media/storage/moonlab/strive-data/degraded/opus_32k/LA_E_6067058.wav,LA_E_6067058,LA_0001,test,opus_32k,opus@32k
g711_ulaw,A15,1,en,ASVspoof-corpus-terms,/media/storage/moonlab/strive-data/degraded/g711_ulaw/LA_E_6067058.wav,LA_E_6067058,LA_0001,test,g711_ulaw,g711_ulaw
narrowband_8k,A15,1,en,ASVspoof-corpus-terms,/media/storage/moonlab/strive-data/degraded/narrowband_8k/LA_E_6067058.wav,LA_E_6067058,LA_0001,test,narrowband_8k,narrowband
noise_10db,A15,1,en,ASVspoof-corpus-terms,/media/storage/moonlab/strive-data/degraded/noise_10db/LA_E_6067058.wav,LA_E_6067058,LA_0001,test,noise_10db,noise 10 dB SNR
clean,A15,1,en,ASVspoof-corpus-terms,/media/storage/moonlab/strive-data/degraded/clean/LA_E_7522568.wav,LA_E_7522568,LA_0023,test,clean,unmodified
opus_16k,A15,1,en,ASVspoof-corpus-terms,/media/storage/moonlab/strive-data/degraded/opus_16k/LA_E_7522568.wav,LA_E_7522568,LA_0023,test,opus_16k,opus@16k
opus_32k,A15,1,en,ASVspoof-corpus-terms,/media/storage/moonlab/strive-data/degraded/opus_32k/LA_E_7522568.wav,LA_E_7522568,LA_0023,test,opus_32k,opus@32k
g711_ulaw,A15,1,en,ASVspoof-corpus-terms,/media/storage/moonlab/strive-data/degraded/g711_ulaw/LA_E_7522568.wav,LA_E_7522568,LA_0023,test,g711_ulaw,g711_ulaw
narrowband_8k,A15,1,en,ASVspoof-corpus-terms,/media/storage/moonlab/strive-data/degraded/narrowband_8k/LA_E_7522568.wav,LA_E_7522568,LA_0023,test,narrowband_8k,narrowband
noise_10db,A15,1,en,ASVspoof-corpus-terms,/media/storage/moonlab/strive-data/degraded/noise_10db/LA_E_7522568.wav,LA_E_7522568,LA_0023,test,noise_10db,noise 10 dB SNR
clean,A17,1,en,ASVspoof-corpus-terms,/media/storage/moonlab/strive-data/degraded/clean/LA_E_7558918.wav,LA_E_7558918,LA_0034,test,clean,unmodified
opus_16k,A17,1,en,ASVspoof-corpus-terms,/media/storage/moonlab/strive-data/degraded/opus_16k/LA_E_7558918.wav,LA_E_7558918,LA_0034,test,opus_16k,opus@16k
opus_32k,A17,1,en,ASVspoof-corpus-terms,/media/storage/moonlab/strive-data/degraded/opus_32k/LA_E_7558918.wav,LA_E_7558918,LA_0034,test,opus_32k,opus@32k
g711_ulaw,A17,1,en,ASVspoof-corpus-terms,/media/storage/moonlab/strive-data/degraded/g711_ulaw/LA_E_7558918.wav,LA_E_7558918,LA_0034,test,g711_ulaw,g711_ulaw
narrowband_8k,A17,1,en,ASVspoof-corpus-terms,/media/storage/moonlab/strive-data/degraded/narrowband_8k/LA_E_7558918.wav,LA_E_7558918,LA_0034,test,narrowband_8k,narrowband
noise_10db,A17,1,en,ASVspoof-corpus-terms,/media/storage/moonlab/strive-data/degraded/noise_10db/LA_E_7558918.wav,LA_E_7558918,LA_0034,test,noise_10db,noise 10 dB SNR
clean,A18,1,en,ASVspoof-corpus-terms,/media/storage/moonlab/strive-data/degraded/clean/LA_E_8608201.wav,LA_E_8608201,LA_0026,test,clean,unmodified
opus_16k,A18,1,en,ASVspoof-corpus-terms,/media/storage/moonlab/strive-data/degraded/opus_16k/LA_E_8608201.wav,LA_E_8608201,LA_0026,test,opus_16k,opus@16k
opus_32k,A18,1,en,ASVspoof-corpus-terms,/media/storage/moonlab/strive-data/degraded/opus_32k/LA_E_8608201.wav,LA_E_8608201,LA_0026,test,opus_32k,opus@32k
g711_ulaw,A18,1,en,ASVspoof-corpus-terms,/media/storage/moonlab/strive-data/degraded/g711_ulaw/LA_E_8608201.wav,LA_E_8608201,LA_0026,test,g711_ulaw,g711_ulaw
narrowband_8k,A18,1,en,ASVspoof-corpus-terms,/media/storage/moonlab/strive-data/degraded/narrowband_8k/LA_E_8608201.wav,LA_E_8608201,LA_0026,test,narrowband_8k,narrowband
noise_10db,A18,1,en,ASVspoof-corpus-terms,/media/storage/moonlab/strive-data/degraded/noise_10db/LA_E_8608201.wav,LA_E_8608201,LA_0026,test,noise_10db,noise 10 dB SNR
clean,A13,1,en,ASVspoof-corpus-terms,/media/storage/moonlab/strive-data/degraded/clean/LA_E_7337952.wav,LA_E_7337952,LA_0020,test,clean,unmodified
opus_16k,A13,1,en,ASVspoof-corpus-terms,/media/storage/moonlab/strive-data/degraded/opus_16k/LA_E_7337952.wav,LA_E_7337952,LA_0020,test,opus_16k,opus@16k
opus_32k,A13,1,en,ASVspoof-corpus-terms,/media/storage/moonlab/strive-data/degraded/opus_32k/LA_E_7337952.wav,LA_E_7337952,LA_0020,test,opus_32k,opus@32k
g711_ulaw,A13,1,en,ASVspoof-corpus-terms,/media/storage/moonlab/strive-data/degraded/g711_ulaw/LA_E_7337952.wav,LA_E_7337952,LA_0020,test,g711_ulaw,g711_ulaw
narrowband_8k,A13,1,en,ASVspoof-corpus-terms,/media/storage/moonlab/strive-data/degraded/narrowband_8k/LA_E_7337952.wav,LA_E_7337952,LA_0020,test,narrowband_8k,narrowband
noise_10db,A13,1,en,ASVspoof-corpus-terms,/media/storage/moonlab/strive-data/degraded/noise_10db/LA_E_7337952.wav,LA_E_7337952,LA_0020,test,noise_10db,noise 10 dB SNR
clean,A11,1,en,ASVspoof-corpus-terms,/media/storage/moonlab/strive-data/degraded/clean/LA_E_9692093.wav,LA_E_9692093,LA_0028,test,clean,unmodified
opus_16k,A11,1,en,ASVspoof-corpus-terms,/media/storage/moonlab/strive-data/degraded/opus_16k/LA_E_9692093.wav,LA_E_9692093,LA_0028,test,opus_16k,opus@16k
opus_32k,A11,1,en,ASVspoof-corpus-terms,/media/storage/moonlab/strive-data/degraded/opus_32k/LA_E_9692093.wav,LA_E_9692093,LA_0028,test,opus_32k,opus@32k
g711_ulaw,A11,1,en,ASVspoof-corpus-terms,/media/storage/moonlab/strive-data/degraded/g711_ulaw/LA_E_9692093.wav,LA_E_9692093,LA_0028,test,g711_ulaw,g711_ulaw
narrowband_8k,A11,1,en,ASVspoof-corpus-terms,/media/storage/moonlab/strive-data/degraded/narrowband_8k/LA_E_9692093.wav,LA_E_9692093,LA_0028,test,narrowband_8k,narrowband
noise_10db,A11,1,en,ASVspoof-corpus-terms,/media/storage/moonlab/strive-data/degraded/noise_10db/LA_E_9692093.wav,LA_E_9692093,LA_0028,test,noise_10db,noise 10 dB SNR
clean,A19,1,en,ASVspoof-corpus-terms,/media/storage/moonlab/strive-data/degraded/clean/LA_E_6579718.wav,LA_E_6579718,LA_0035,test,clean,unmodified
opus_16k,A19,1,en,ASVspoof-corpus-terms,/media/storage/moonlab/strive-data/degraded/opus_16k/LA_E_6579718.wav,LA_E_6579718,LA_0035,test,opus_16k,opus@16k
opus_32k,A19,1,en,ASVspoof-corpus-terms,/media/storage/moonlab/strive-data/degraded/opus_32k/LA_E_6579718.wav,LA_E_6579718,LA_0035,test,opus_32k,opus@32k
g711_ulaw,A19,1,en,ASVspoof-corpus-terms,/media/storage/moonlab/strive-data/degraded/g711_ulaw/LA_E_6579718.wav,LA_E_6579718,LA_0035,test,g711_ulaw,g711_ulaw
narrowband_8k,A19,1,en,ASVspoof-corpus-terms,/media/storage/moonlab/strive-data/degraded/narrowband_8k/LA_E_6579718.wav,LA_E_6579718,LA_0035,test,narrowband_8k,narrowband
noise_10db,A19,1,en,ASVspoof-corpus-terms,/media/storage/moonlab/strive-data/degraded/noise_10db/LA_E_6579718.wav,LA_E_6579718,LA_0035,test,noise_10db,noise 10 dB SNR
clean,A08,1,en,ASVspoof-corpus-terms,/media/storage/moonlab/strive-data/degraded/clean/LA_E_2730283.wav,LA_E_2730283,LA_0014,test,clean,unmodified
opus_16k,A08,1,en,ASVspoof-corpus-terms,/media/storage/moonlab/strive-data/degraded/opus_16k/LA_E_2730283.wav,LA_E_2730283,LA_0014,test,opus_16k,opus@16k
opus_32k,A08,1,en,ASVspoof-corpus-terms,/media/storage/moonlab/strive-data/degraded/opus_32k/LA_E_2730283.wav,LA_E_2730283,LA_0014,test,opus_32k,opus@32k
g711_ulaw,A08,1,en,ASVspoof-corpus-terms,/media/storage/moonlab/strive-data/degraded/g711_ulaw/LA_E_2730283.wav,LA_E_2730283,LA_0014,test,g711_ulaw,g711_ulaw
narrowband_8k,A08,1,en,ASVspoof-corpus-terms,/media/storage/moonlab/strive-data/degraded/narrowband_8k/LA_E_2730283.wav,LA_E_2730283,LA_0014,test,narrowband_8k,narrowband
noise_10db,A08,1,en,ASVspoof-corpus-terms,/media/storage/moonlab/strive-data/degraded/noise_10db/LA_E_2730283.wav,LA_E_2730283,LA_0014,test,noise_10db,noise 10 dB SNR
clean,A11,1,en,ASVspoof-corpus-terms,/media/storage/moonlab/strive-data/degraded/clean/LA_E_7329050.wav,LA_E_7329050,LA_0022,test,clean,unmodified
opus_16k,A11,1,en,ASVspoof-corpus-terms,/media/storage/moonlab/strive-data/degraded/opus_16k/LA_E_7329050.wav,LA_E_7329050,LA_0022,test,opus_16k,opus@16k
opus_32k,A11,1,en,ASVspoof-corpus-terms,/media/storage/moonlab/strive-data/degraded/opus_32k/LA_E_7329050.wav,LA_E_7329050,LA_0022,test,opus_32k,opus@32k
g711_ulaw,A11,1,en,ASVspoof-corpus-terms,/media/storage/moonlab/strive-data/degraded/g711_ulaw/LA_E_7329050.wav,LA_E_7329050,LA_0022,test,g711_ulaw,g711_ulaw
narrowband_8k,A11,1,en,ASVspoof-corpus-terms,/media/storage/moonlab/strive-data/degraded/narrowband_8k/LA_E_7329050.wav,LA_E_7329050,LA_0022,test,narrowband_8k,narrowband
noise_10db,A11,1,en,ASVspoof-corpus-terms,/media/storage/moonlab/strive-data/degraded/noise_10db/LA_E_7329050.wav,LA_E_7329050,LA_0022,test,noise_10db,noise 10 dB SNR
clean,A11,1,en,ASVspoof-corpus-terms,/media/storage/moonlab/strive-data/degraded/clean/LA_E_9738610.wav,LA_E_9738610,LA_0047,test,clean,unmodified
opus_16k,A11,1,en,ASVspoof-corpus-terms,/media/storage/moonlab/strive-data/degraded/opus_16k/LA_E_9738610.wav,LA_E_9738610,LA_0047,test,opus_16k,opus@16k
opus_32k,A11,1,en,ASVspoof-corpus-terms,/media/storage/moonlab/strive-data/degraded/opus_32k/LA_E_9738610.wav,LA_E_9738610,LA_0047,test,opus_32k,opus@32k
g711_ulaw,A11,1,en,ASVspoof-corpus-terms,/media/storage/moonlab/strive-data/degraded/g711_ulaw/LA_E_9738610.wav,LA_E_9738610,LA_0047,test,g711_ulaw,g711_ulaw
narrowband_8k,A11,1,en,ASVspoof-corpus-terms,/media/storage/moonlab/strive-data/degraded/narrowband_8k/LA_E_9738610.wav,LA_E_9738610,LA_0047,test,narrowband_8k,narrowband
noise_10db,A11,1,en,ASVspoof-corpus-terms,/media/storage/moonlab/strive-data/degraded/noise_10db/LA_E_9738610.wav,LA_E_9738610,LA_0047,test,noise_10db,noise 10 dB SNR
clean,A08,1,en,ASVspoof-corpus-terms,/media/storage/moonlab/strive-data/degraded/clean/LA_E_8494256.wav,LA_E_8494256,LA_0046,test,clean,unmodified
opus_16k,A08,1,en,ASVspoof-corpus-terms,/media/storage/moonlab/strive-data/degraded/opus_16k/LA_E_8494256.wav,LA_E_8494256,LA_0046,test,opus_16k,opus@16k
opus_32k,A08,1,en,ASVspoof-corpus-terms,/media/storage/moonlab/strive-data/degraded/opus_32k/LA_E_8494256.wav,LA_E_8494256,LA_0046,test,opus_32k,opus@32k
g711_ulaw,A08,1,en,ASVspoof-corpus-terms,/media/storage/moonlab/strive-data/degraded/g711_ulaw/LA_E_8494256.wav,LA_E_8494256,LA_0046,test,g711_ulaw,g711_ulaw
narrowband_8k,A08,1,en,ASVspoof-corpus-terms,/media/storage/moonlab/strive-data/degraded/narrowband_8k/LA_E_8494256.wav,LA_E_8494256,LA_0046,test,narrowband_8k,narrowband
noise_10db,A08,1,en,ASVspoof-corpus-terms,/media/storage/moonlab/strive-data/degraded/noise_10db/LA_E_8494256.wav,LA_E_8494256,LA_0046,test,noise_10db,noise 10 dB SNR
clean,A12,1,en,ASVspoof-corpus-terms,/media/storage/moonlab/strive-data/degraded/clean/LA_E_2242193.wav,LA_E_2242193,LA_0003,test,clean,unmodified
opus_16k,A12,1,en,ASVspoof-corpus-terms,/media/storage/moonlab/strive-data/degraded/opus_16k/LA_E_2242193.wav,LA_E_2242193,LA_0003,test,opus_16k,opus@16k
opus_32k,A12,1,en,ASVspoof-corpus-terms,/media/storage/moonlab/strive-data/degraded/opus_32k/LA_E_2242193.wav,LA_E_2242193,LA_0003,test,opus_32k,opus@32k
g711_ulaw,A12,1,en,ASVspoof-corpus-terms,/media/storage/moonlab/strive-data/degraded/g711_ulaw/LA_E_2242193.wav,LA_E_2242193,LA_0003,test,g711_ulaw,g711_ulaw
narrowband_8k,A12,1,en,ASVspoof-corpus-terms,/media/storage/moonlab/strive-data/degraded/narrowband_8k/LA_E_2242193.wav,LA_E_2242193,LA_0003,test,narrowband_8k,narrowband
noise_10db,A12,1,en,ASVspoof-corpus-terms,/media/storage/moonlab/strive-data/degraded/noise_10db/LA_E_2242193.wav,LA_E_2242193,LA_0003,test,noise_10db,noise 10 dB SNR
clean,A10,1,en,ASVspoof-corpus-terms,/media/storage/moonlab/strive-data/degraded/clean/LA_E_8821810.wav,LA_E_8821810,LA_0045,test,clean,unmodified
opus_16k,A10,1,en,ASVspoof-corpus-terms,/media/storage/moonlab/strive-data/degraded/opus_16k/LA_E_8821810.wav,LA_E_8821810,LA_0045,test,opus_16k,opus@16k
opus_32k,A10,1,en,ASVspoof-corpus-terms,/media/storage/moonlab/strive-data/degraded/opus_32k/LA_E_8821810.wav,LA_E_8821810,LA_0045,test,opus_32k,opus@32k
g711_ulaw,A10,1,en,ASVspoof-corpus-terms,/media/storage/moonlab/strive-data/degraded/g711_ulaw/LA_E_8821810.wav,LA_E_8821810,LA_0045,test,g711_ulaw,g711_ulaw
narrowband_8k,A10,1,en,ASVspoof-corpus-terms,/media/storage/moonlab/strive-data/degraded/narrowband_8k/LA_E_8821810.wav,LA_E_8821810,LA_0045,test,narrowband_8k,narrowband
noise_10db,A10,1,en,ASVspoof-corpus-terms,/media/storage/moonlab/strive-data/degraded/noise_10db/LA_E_8821810.wav,LA_E_8821810,LA_0045,test,noise_10db,noise 10 dB SNR
clean,A17,1,en,ASVspoof-corpus-terms,/media/storage/moonlab/strive-data/degraded/clean/LA_E_9991246.wav,LA_E_9991246,LA_0036,test,clean,unmodified
opus_16k,A17,1,en,ASVspoof-corpus-terms,/media/storage/moonlab/strive-data/degraded/opus_16k/LA_E_9991246.wav,LA_E_9991246,LA_0036,test,opus_16k,opus@16k
opus_32k,A17,1,en,ASVspoof-corpus-terms,/media/storage/moonlab/strive-data/degraded/opus_32k/LA_E_9991246.wav,LA_E_9991246,LA_0036,test,opus_32k,opus@32k
g711_ulaw,A17,1,en,ASVspoof-corpus-terms,/media/storage/moonlab/strive-data/degraded/g711_ulaw/LA_E_9991246.wav,LA_E_9991246,LA_0036,test,g711_ulaw,g711_ulaw
narrowband_8k,A17,1,en,ASVspoof-corpus-terms,/media/storage/moonlab/strive-data/degraded/narrowband_8k/LA_E_9991246.wav,LA_E_9991246,LA_0036,test,narrowband_8k,narrowband
noise_10db,A17,1,en,ASVspoof-corpus-terms,/media/storage/moonlab/strive-data/degraded/noise_10db/LA_E_9991246.wav,LA_E_9991246,LA_0036,test,noise_10db,noise 10 dB SNR
clean,A14,1,en,ASVspoof-corpus-terms,/media/storage/moonlab/strive-data/degraded/clean/LA_E_8092508.wav,LA_E_8092508,LA_0037,test,clean,unmodified
opus_16k,A14,1,en,ASVspoof-corpus-terms,/media/storage/moonlab/strive-data/degraded/opus_16k/LA_E_8092508.wav,LA_E_8092508,LA_0037,test,opus_16k,opus@16k
opus_32k,A14,1,en,ASVspoof-corpus-terms,/media/storage/moonlab/strive-data/degraded/opus_32k/LA_E_8092508.wav,LA_E_8092508,LA_0037,test,opus_32k,opus@32k
g711_ulaw,A14,1,en,ASVspoof-corpus-terms,/media/storage/moonlab/strive-data/degraded/g711_ulaw/LA_E_8092508.wav,LA_E_8092508,LA_0037,test,g711_ulaw,g711_ulaw
narrowband_8k,A14,1,en,ASVspoof-corpus-terms,/media/storage/moonlab/strive-data/degraded/narrowband_8k/LA_E_8092508.wav,LA_E_8092508,LA_0037,test,narrowband_8k,narrowband
noise_10db,A14,1,en,ASVspoof-corpus-terms,/media/storage/moonlab/strive-data/degraded/noise_10db/LA_E_8092508.wav,LA_E_8092508,LA_0037,test,noise_10db,noise 10 dB SNR
clean,A13,1,en,ASVspoof-corpus-terms,/media/storage/moonlab/strive-data/degraded/clean/LA_E_4721032.wav,LA_E_4721032,LA_0034,test,clean,unmodified
opus_16k,A13,1,en,ASVspoof-corpus-terms,/media/storage/moonlab/strive-data/degraded/opus_16k/LA_E_4721032.wav,LA_E_4721032,LA_0034,test,opus_16k,opus@16k
opus_32k,A13,1,en,ASVspoof-corpus-terms,/media/storage/moonlab/strive-data/degraded/opus_32k/LA_E_4721032.wav,LA_E_4721032,LA_0034,test,opus_32k,opus@32k
g711_ulaw,A13,1,en,ASVspoof-corpus-terms,/media/storage/moonlab/strive-data/degraded/g711_ulaw/LA_E_4721032.wav,LA_E_4721032,LA_0034,test,g711_ulaw,g711_ulaw
narrowband_8k,A13,1,en,ASVspoof-corpus-terms,/media/storage/moonlab/strive-data/degraded/narrowband_8k/LA_E_4721032.wav,LA_E_4721032,LA_0034,test,narrowband_8k,narrowband
noise_10db,A13,1,en,ASVspoof-corpus-terms,/media/storage/moonlab/strive-data/degraded/noise_10db/LA_E_4721032.wav,LA_E_4721032,LA_0034,test,noise_10db,noise 10 dB SNR
clean,A16,1,en,ASVspoof-corpus-terms,/media/storage/moonlab/strive-data/degraded/clean/LA_E_8560803.wav,LA_E_8560803,LA_0023,test,clean,unmodified
opus_16k,A16,1,en,ASVspoof-corpus-terms,/media/storage/moonlab/strive-data/degraded/opus_16k/LA_E_8560803.wav,LA_E_8560803,LA_0023,test,opus_16k,opus@16k
opus_32k,A16,1,en,ASVspoof-corpus-terms,/media/storage/moonlab/strive-data/degraded/opus_32k/LA_E_8560803.wav,LA_E_8560803,LA_0023,test,opus_32k,opus@32k
g711_ulaw,A16,1,en,ASVspoof-corpus-terms,/media/storage/moonlab/strive-data/degraded/g711_ulaw/LA_E_8560803.wav,LA_E_8560803,LA_0023,test,g711_ulaw,g711_ulaw
narrowband_8k,A16,1,en,ASVspoof-corpus-terms,/media/storage/moonlab/strive-data/degraded/narrowband_8k/LA_E_8560803.wav,LA_E_8560803,LA_0023,test,narrowband_8k,narrowband
noise_10db,A16,1,en,ASVspoof-corpus-terms,/media/storage/moonlab/strive-data/degraded/noise_10db/LA_E_8560803.wav,LA_E_8560803,LA_0023,test,noise_10db,noise 10 dB SNR
clean,A16,1,en,ASVspoof-corpus-terms,/media/storage/moonlab/strive-data/degraded/clean/LA_E_6403810.wav,LA_E_6403810,LA_0047,test,clean,unmodified
opus_16k,A16,1,en,ASVspoof-corpus-terms,/media/storage/moonlab/strive-data/degraded/opus_16k/LA_E_6403810.wav,LA_E_6403810,LA_0047,test,opus_16k,opus@16k
opus_32k,A16,1,en,ASVspoof-corpus-terms,/media/storage/moonlab/strive-data/degraded/opus_32k/LA_E_6403810.wav,LA_E_6403810,LA_0047,test,opus_32k,opus@32k
g711_ulaw,A16,1,en,ASVspoof-corpus-terms,/media/storage/moonlab/strive-data/degraded/g711_ulaw/LA_E_6403810.wav,LA_E_6403810,LA_0047,test,g711_ulaw,g711_ulaw
narrowband_8k,A16,1,en,ASVspoof-corpus-terms,/media/storage/moonlab/strive-data/degraded/narrowband_8k/LA_E_6403810.wav,LA_E_6403810,LA_0047,test,narrowband_8k,narrowband
noise_10db,A16,1,en,ASVspoof-corpus-terms,/media/storage/moonlab/strive-data/degraded/noise_10db/LA_E_6403810.wav,LA_E_6403810,LA_0047,test,noise_10db,noise 10 dB SNR
clean,A18,1,en,ASVspoof-corpus-terms,/media/storage/moonlab/strive-data/degraded/clean/LA_E_5128710.wav,LA_E_5128710,LA_0031,test,clean,unmodified
opus_16k,A18,1,en,ASVspoof-corpus-terms,/media/storage/moonlab/strive-data/degraded/opus_16k/LA_E_5128710.wav,LA_E_5128710,LA_0031,test,opus_16k,opus@16k
opus_32k,A18,1,en,ASVspoof-corpus-terms,/media/storage/moonlab/strive-data/degraded/opus_32k/LA_E_5128710.wav,LA_E_5128710,LA_0031,test,opus_32k,opus@32k
g711_ulaw,A18,1,en,ASVspoof-corpus-terms,/media/storage/moonlab/strive-data/degraded/g711_ulaw/LA_E_5128710.wav,LA_E_5128710,LA_0031,test,g711_ulaw,g711_ulaw
narrowband_8k,A18,1,en,ASVspoof-corpus-terms,/media/storage/moonlab/strive-data/degraded/narrowband_8k/LA_E_5128710.wav,LA_E_5128710,LA_0031,test,narrowband_8k,narrowband
noise_10db,A18,1,en,ASVspoof-corpus-terms,/media/storage/moonlab/strive-data/degraded/noise_10db/LA_E_5128710.wav,LA_E_5128710,LA_0031,test,noise_10db,noise 10 dB SNR
clean,A10,1,en,ASVspoof-corpus-terms,/media/storage/moonlab/strive-data/degraded/clean/LA_E_5291309.wav,LA_E_5291309,LA_0026,test,clean,unmodified
opus_16k,A10,1,en,ASVspoof-corpus-terms,/media/storage/moonlab/strive-data/degraded/opus_16k/LA_E_5291309.wav,LA_E_5291309,LA_0026,test,opus_16k,opus@16k
opus_32k,A10,1,en,ASVspoof-corpus-terms,/media/storage/moonlab/strive-data/degraded/opus_32k/LA_E_5291309.wav,LA_E_5291309,LA_0026,test,opus_32k,opus@32k
g711_ulaw,A10,1,en,ASVspoof-corpus-terms,/media/storage/moonlab/strive-data/degraded/g711_ulaw/LA_E_5291309.wav,LA_E_5291309,LA_0026,test,g711_ulaw,g711_ulaw
narrowband_8k,A10,1,en,ASVspoof-corpus-terms,/media/storage/moonlab/strive-data/degraded/narrowband_8k/LA_E_5291309.wav,LA_E_5291309,LA_0026,test,narrowband_8k,narrowband
noise_10db,A10,1,en,ASVspoof-corpus-terms,/media/storage/moonlab/strive-data/degraded/noise_10db/LA_E_5291309.wav,LA_E_5291309,LA_0026,test,noise_10db,noise 10 dB SNR
clean,A12,1,en,ASVspoof-corpus-terms,/media/storage/moonlab/strive-data/degraded/clean/LA_E_6267459.wav,LA_E_6267459,LA_0041,test,clean,unmodified
opus_16k,A12,1,en,ASVspoof-corpus-terms,/media/storage/moonlab/strive-data/degraded/opus_16k/LA_E_6267459.wav,LA_E_6267459,LA_0041,test,opus_16k,opus@16k
opus_32k,A12,1,en,ASVspoof-corpus-terms,/media/storage/moonlab/strive-data/degraded/opus_32k/LA_E_6267459.wav,LA_E_6267459,LA_0041,test,opus_32k,opus@32k
g711_ulaw,A12,1,en,ASVspoof-corpus-terms,/media/storage/moonlab/strive-data/degraded/g711_ulaw/LA_E_6267459.wav,LA_E_6267459,LA_0041,test,g711_ulaw,g711_ulaw
narrowband_8k,A12,1,en,ASVspoof-corpus-terms,/media/storage/moonlab/strive-data/degraded/narrowband_8k/LA_E_6267459.wav,LA_E_6267459,LA_0041,test,narrowband_8k,narrowband
noise_10db,A12,1,en,ASVspoof-corpus-terms,/media/storage/moonlab/strive-data/degraded/noise_10db/LA_E_6267459.wav,LA_E_6267459,LA_0041,test,noise_10db,noise 10 dB SNR
clean,A15,1,en,ASVspoof-corpus-terms,/media/storage/moonlab/strive-data/degraded/clean/LA_E_7794208.wav,LA_E_7794208,LA_0014,test,clean,unmodified
opus_16k,A15,1,en,ASVspoof-corpus-terms,/media/storage/moonlab/strive-data/degraded/opus_16k/LA_E_7794208.wav,LA_E_7794208,LA_0014,test,opus_16k,opus@16k
opus_32k,A15,1,en,ASVspoof-corpus-terms,/media/storage/moonlab/strive-data/degraded/opus_32k/LA_E_7794208.wav,LA_E_7794208,LA_0014,test,opus_32k,opus@32k
g711_ulaw,A15,1,en,ASVspoof-corpus-terms,/media/storage/moonlab/strive-data/degraded/g711_ulaw/LA_E_7794208.wav,LA_E_7794208,LA_0014,test,g711_ulaw,g711_ulaw
narrowband_8k,A15,1,en,ASVspoof-corpus-terms,/media/storage/moonlab/strive-data/degraded/narrowband_8k/LA_E_7794208.wav,LA_E_7794208,LA_0014,test,narrowband_8k,narrowband
noise_10db,A15,1,en,ASVspoof-corpus-terms,/media/storage/moonlab/strive-data/degraded/noise_10db/LA_E_7794208.wav,LA_E_7794208,LA_0014,test,noise_10db,noise 10 dB SNR
clean,A11,1,en,ASVspoof-corpus-terms,/media/storage/moonlab/strive-data/degraded/clean/LA_E_8742757.wav,LA_E_8742757,LA_0045,test,clean,unmodified
opus_16k,A11,1,en,ASVspoof-corpus-terms,/media/storage/moonlab/strive-data/degraded/opus_16k/LA_E_8742757.wav,LA_E_8742757,LA_0045,test,opus_16k,opus@16k
opus_32k,A11,1,en,ASVspoof-corpus-terms,/media/storage/moonlab/strive-data/degraded/opus_32k/LA_E_8742757.wav,LA_E_8742757,LA_0045,test,opus_32k,opus@32k
g711_ulaw,A11,1,en,ASVspoof-corpus-terms,/media/storage/moonlab/strive-data/degraded/g711_ulaw/LA_E_8742757.wav,LA_E_8742757,LA_0045,test,g711_ulaw,g711_ulaw
narrowband_8k,A11,1,en,ASVspoof-corpus-terms,/media/storage/moonlab/strive-data/degraded/narrowband_8k/LA_E_8742757.wav,LA_E_8742757,LA_0045,test,narrowband_8k,narrowband
noise_10db,A11,1,en,ASVspoof-corpus-terms,/media/storage/moonlab/strive-data/degraded/noise_10db/LA_E_8742757.wav,LA_E_8742757,LA_0045,test,noise_10db,noise 10 dB SNR
clean,A16,1,en,ASVspoof-corpus-terms,/media/storage/moonlab/strive-data/degraded/clean/LA_E_1377579.wav,LA_E_1377579,LA_0027,test,clean,unmodified
opus_16k,A16,1,en,ASVspoof-corpus-terms,/media/storage/moonlab/strive-data/degraded/opus_16k/LA_E_1377579.wav,LA_E_1377579,LA_0027,test,opus_16k,opus@16k
opus_32k,A16,1,en,ASVspoof-corpus-terms,/media/storage/moonlab/strive-data/degraded/opus_32k/LA_E_1377579.wav,LA_E_1377579,LA_0027,test,opus_32k,opus@32k
g711_ulaw,A16,1,en,ASVspoof-corpus-terms,/media/storage/moonlab/strive-data/degraded/g711_ulaw/LA_E_1377579.wav,LA_E_1377579,LA_0027,test,g711_ulaw,g711_ulaw
narrowband_8k,A16,1,en,ASVspoof-corpus-terms,/media/storage/moonlab/strive-data/degraded/narrowband_8k/LA_E_1377579.wav,LA_E_1377579,LA_0027,test,narrowband_8k,narrowband
noise_10db,A16,1,en,ASVspoof-corpus-terms,/media/storage/moonlab/strive-data/degraded/noise_10db/LA_E_1377579.wav,LA_E_1377579,LA_0027,test,noise_10db,noise 10 dB SNR
clean,A15,1,en,ASVspoof-corpus-terms,/media/storage/moonlab/strive-data/degraded/clean/LA_E_3197219.wav,LA_E_3197219,LA_0043,test,clean,unmodified
opus_16k,A15,1,en,ASVspoof-corpus-terms,/media/storage/moonlab/strive-data/degraded/opus_16k/LA_E_3197219.wav,LA_E_3197219,LA_0043,test,opus_16k,opus@16k
opus_32k,A15,1,en,ASVspoof-corpus-terms,/media/storage/moonlab/strive-data/degraded/opus_32k/LA_E_3197219.wav,LA_E_3197219,LA_0043,test,opus_32k,opus@32k
g711_ulaw,A15,1,en,ASVspoof-corpus-terms,/media/storage/moonlab/strive-data/degraded/g711_ulaw/LA_E_3197219.wav,LA_E_3197219,LA_0043,test,g711_ulaw,g711_ulaw
narrowband_8k,A15,1,en,ASVspoof-corpus-terms,/media/storage/moonlab/strive-data/degraded/narrowband_8k/LA_E_3197219.wav,LA_E_3197219,LA_0043,test,narrowband_8k,narrowband
noise_10db,A15,1,en,ASVspoof-corpus-terms,/media/storage/moonlab/strive-data/degraded/noise_10db/LA_E_3197219.wav,LA_E_3197219,LA_0043,test,noise_10db,noise 10 dB SNR
clean,A11,1,en,ASVspoof-corpus-terms,/media/storage/moonlab/strive-data/degraded/clean/LA_E_1960810.wav,LA_E_1960810,LA_0044,test,clean,unmodified
opus_16k,A11,1,en,ASVspoof-corpus-terms,/media/storage/moonlab/strive-data/degraded/opus_16k/LA_E_1960810.wav,LA_E_1960810,LA_0044,test,opus_16k,opus@16k
opus_32k,A11,1,en,ASVspoof-corpus-terms,/media/storage/moonlab/strive-data/degraded/opus_32k/LA_E_1960810.wav,LA_E_1960810,LA_0044,test,opus_32k,opus@32k
g711_ulaw,A11,1,en,ASVspoof-corpus-terms,/media/storage/moonlab/strive-data/degraded/g711_ulaw/LA_E_1960810.wav,LA_E_1960810,LA_0044,test,g711_ulaw,g711_ulaw
narrowband_8k,A11,1,en,ASVspoof-corpus-terms,/media/storage/moonlab/strive-data/degraded/narrowband_8k/LA_E_1960810.wav,LA_E_1960810,LA_0044,test,narrowband_8k,narrowband
noise_10db,A11,1,en,ASVspoof-corpus-terms,/media/storage/moonlab/strive-data/degraded/noise_10db/LA_E_1960810.wav,LA_E_1960810,LA_0044,test,noise_10db,noise 10 dB SNR
clean,A17,1,en,ASVspoof-corpus-terms,/media/storage/moonlab/strive-data/degraded/clean/LA_E_5816777.wav,LA_E_5816777,LA_0034,test,clean,unmodified
opus_16k,A17,1,en,ASVspoof-corpus-terms,/media/storage/moonlab/strive-data/degraded/opus_16k/LA_E_5816777.wav,LA_E_5816777,LA_0034,test,opus_16k,opus@16k
opus_32k,A17,1,en,ASVspoof-corpus-terms,/media/storage/moonlab/strive-data/degraded/opus_32k/LA_E_5816777.wav,LA_E_5816777,LA_0034,test,opus_32k,opus@32k
g711_ulaw,A17,1,en,ASVspoof-corpus-terms,/media/storage/moonlab/strive-data/degraded/g711_ulaw/LA_E_5816777.wav,LA_E_5816777,LA_0034,test,g711_ulaw,g711_ulaw
narrowband_8k,A17,1,en,ASVspoof-corpus-terms,/media/storage/moonlab/strive-data/degraded/narrowband_8k/LA_E_5816777.wav,LA_E_5816777,LA_0034,test,narrowband_8k,narrowband
noise_10db,A17,1,en,ASVspoof-corpus-terms,/media/storage/moonlab/strive-data/degraded/noise_10db/LA_E_5816777.wav,LA_E_5816777,LA_0034,test,noise_10db,noise 10 dB SNR
clean,A13,1,en,ASVspoof-corpus-terms,/media/storage/moonlab/strive-data/degraded/clean/LA_E_4594626.wav,LA_E_4594626,LA_0038,test,clean,unmodified
opus_16k,A13,1,en,ASVspoof-corpus-terms,/media/storage/moonlab/strive-data/degraded/opus_16k/LA_E_4594626.wav,LA_E_4594626,LA_0038,test,opus_16k,opus@16k
opus_32k,A13,1,en,ASVspoof-corpus-terms,/media/storage/moonlab/strive-data/degraded/opus_32k/LA_E_4594626.wav,LA_E_4594626,LA_0038,test,opus_32k,opus@32k
g711_ulaw,A13,1,en,ASVspoof-corpus-terms,/media/storage/moonlab/strive-data/degraded/g711_ulaw/LA_E_4594626.wav,LA_E_4594626,LA_0038,test,g711_ulaw,g711_ulaw
narrowband_8k,A13,1,en,ASVspoof-corpus-terms,/media/storage/moonlab/strive-data/degraded/narrowband_8k/LA_E_4594626.wav,LA_E_4594626,LA_0038,test,narrowband_8k,narrowband
noise_10db,A13,1,en,ASVspoof-corpus-terms,/media/storage/moonlab/strive-data/degraded/noise_10db/LA_E_4594626.wav,LA_E_4594626,LA_0038,test,noise_10db,noise 10 dB SNR
clean,A17,1,en,ASVspoof-corpus-terms,/media/storage/moonlab/strive-data/degraded/clean/LA_E_1823511.wav,LA_E_1823511,LA_0029,test,clean,unmodified
opus_16k,A17,1,en,ASVspoof-corpus-terms,/media/storage/moonlab/strive-data/degraded/opus_16k/LA_E_1823511.wav,LA_E_1823511,LA_0029,test,opus_16k,opus@16k
opus_32k,A17,1,en,ASVspoof-corpus-terms,/media/storage/moonlab/strive-data/degraded/opus_32k/LA_E_1823511.wav,LA_E_1823511,LA_0029,test,opus_32k,opus@32k
g711_ulaw,A17,1,en,ASVspoof-corpus-terms,/media/storage/moonlab/strive-data/degraded/g711_ulaw/LA_E_1823511.wav,LA_E_1823511,LA_0029,test,g711_ulaw,g711_ulaw
narrowband_8k,A17,1,en,ASVspoof-corpus-terms,/media/storage/moonlab/strive-data/degraded/narrowband_8k/LA_E_1823511.wav,LA_E_1823511,LA_0029,test,narrowband_8k,narrowband
noise_10db,A17,1,en,ASVspoof-corpus-terms,/media/storage/moonlab/strive-data/degraded/noise_10db/LA_E_1823511.wav,LA_E_1823511,LA_0029,test,noise_10db,noise 10 dB SNR
clean,A13,1,en,ASVspoof-corpus-terms,/media/storage/moonlab/strive-data/degraded/clean/LA_E_9921673.wav,LA_E_9921673,LA_0002,test,clean,unmodified
opus_16k,A13,1,en,ASVspoof-corpus-terms,/media/storage/moonlab/strive-data/degraded/opus_16k/LA_E_9921673.wav,LA_E_9921673,LA_0002,test,opus_16k,opus@16k
opus_32k,A13,1,en,ASVspoof-corpus-terms,/media/storage/moonlab/strive-data/degraded/opus_32k/LA_E_9921673.wav,LA_E_9921673,LA_0002,test,opus_32k,opus@32k
g711_ulaw,A13,1,en,ASVspoof-corpus-terms,/media/storage/moonlab/strive-data/degraded/g711_ulaw/LA_E_9921673.wav,LA_E_9921673,LA_0002,test,g711_ulaw,g711_ulaw
narrowband_8k,A13,1,en,ASVspoof-corpus-terms,/media/storage/moonlab/strive-data/degraded/narrowband_8k/LA_E_9921673.wav,LA_E_9921673,LA_0002,test,narrowband_8k,narrowband
noise_10db,A13,1,en,ASVspoof-corpus-terms,/media/storage/moonlab/strive-data/degraded/noise_10db/LA_E_9921673.wav,LA_E_9921673,LA_0002,test,noise_10db,noise 10 dB SNR
clean,A14,1,en,ASVspoof-corpus-terms,/media/storage/moonlab/strive-data/degraded/clean/LA_E_9033803.wav,LA_E_9033803,LA_0036,test,clean,unmodified
opus_16k,A14,1,en,ASVspoof-corpus-terms,/media/storage/moonlab/strive-data/degraded/opus_16k/LA_E_9033803.wav,LA_E_9033803,LA_0036,test,opus_16k,opus@16k
opus_32k,A14,1,en,ASVspoof-corpus-terms,/media/storage/moonlab/strive-data/degraded/opus_32k/LA_E_9033803.wav,LA_E_9033803,LA_0036,test,opus_32k,opus@32k
g711_ulaw,A14,1,en,ASVspoof-corpus-terms,/media/storage/moonlab/strive-data/degraded/g711_ulaw/LA_E_9033803.wav,LA_E_9033803,LA_0036,test,g711_ulaw,g711_ulaw
narrowband_8k,A14,1,en,ASVspoof-corpus-terms,/media/storage/moonlab/strive-data/degraded/narrowband_8k/LA_E_9033803.wav,LA_E_9033803,LA_0036,test,narrowband_8k,narrowband
noise_10db,A14,1,en,ASVspoof-corpus-terms,/media/storage/moonlab/strive-data/degraded/noise_10db/LA_E_9033803.wav,LA_E_9033803,LA_0036,test,noise_10db,noise 10 dB SNR
